project_id,state,district,project_type,land_required_hectares,land_acquired_hectares,pending_land_hectares,pct_land_acquired,pending_approvals_count,legal_disputes_count,compensation_delay_days,documentation_incomplete,rehabilitation_status,project_age_days,expected_duration_days,start_date,expected_completion_date,delay_probability,is_delayed
PRJ1000,Assam,Guwahati,Irrigation Canal,2350.1,278,2072.1,11.8,3,2,277,TRUE,Completed,1462,745,21-09-2022,05-10-2024,45.6,0
PRJ1001,Rajasthan,Udaipur,Industrial Corridor,1567,31.3,1535.7,2,4,0,153,TRUE,In Progress,109,1851,05-06-2026,30-06-2031,62.4,1
PRJ1002,Odisha,Cuttack,Urban Infrastructure,1584.2,210.2,1374,13.3,5,0,180,TRUE,Pending,573,824,26-02-2025,31-05-2027,44.9,0
PRJ1003,Uttar Pradesh,Agra,Power Transmission Line,269.9,73.2,196.7,27.1,1,0,184,TRUE,Completed,507,896,03-05-2025,16-10-2027,41.3,0
PRJ1004,Odisha,Cuttack,Irrigation Canal,1705.7,1139.3,566.4,66.8,1,0,90,FALSE,Completed,1349,1142,12-01-2023,27-02-2026,12.8,0
PRJ1005,Madhya Pradesh,Indore,Power Transmission Line,785.4,750.7,34.7,95.6,0,0,114,FALSE,Completed,1345,1246,16-01-2023,15-06-2026,6.5,0
PRJ1006,Madhya Pradesh,Bhopal,Urban Infrastructure,374.7,128.1,246.6,34.2,0,1,50,FALSE,Pending,525,1213,15-04-2025,10-08-2028,25.8,0
PRJ1007,Uttar Pradesh,Lucknow,Railway Corridor,2889.2,1547.3,1341.9,53.6,0,0,7,FALSE,In Progress,404,601,14-08-2025,07-04-2027,14.6,0
PRJ1008,Odisha,Cuttack,Industrial Corridor,288.5,129.2,159.3,44.8,5,3,252,TRUE,Completed,1414,1015,08-11-2022,19-08-2025,52.2,1
PRJ1009,Odisha,Bhubaneswar,Irrigation Canal,1056.1,539.1,517,51,3,4,231,FALSE,In Progress,984,502,12-01-2024,28-05-2025,39.2,0
PRJ1010,Rajasthan,Kota,Industrial Corridor,1763,697.3,1065.7,39.6,1,2,110,TRUE,Completed,1131,1543,18-08-2023,08-11-2027,32.3,0
PRJ1011,Odisha,Rourkela,Irrigation Canal,1927.2,1081.9,845.3,56.1,1,0,122,FALSE,Completed,778,1300,05-08-2024,26-02-2028,21.6,0
PRJ1012,Odisha,Bhubaneswar,Industrial Corridor,2824.4,361.9,2462.5,12.8,4,1,205,FALSE,Completed,945,1983,20-02-2024,26-07-2029,34.2,0
PRJ1013,Bihar,Gaya,Railway Corridor,1001.5,20,981.5,2,2,0,136,TRUE,In Progress,133,1814,12-05-2026,30-04-2031,48.8,0
PRJ1014,Maharashtra,Nagpur,Urban Infrastructure,1018.1,706.7,311.4,69.4,2,2,222,TRUE,In Progress,1067,591,21-10-2023,03-06-2025,39.7,0
PRJ1015,Maharashtra,Aurangabad,Railway Corridor,1002.7,346.5,656.2,34.6,2,2,199,FALSE,In Progress,1010,822,17-12-2023,18-03-2026,27.8,0
PRJ1016,Assam,Silchar,Power Transmission Line,1854.6,488,1366.6,26.3,0,1,210,TRUE,In Progress,741,648,11-09-2024,21-06-2026,55.2,1
PRJ1017,Assam,Dibrugarh,Railway Corridor,2850,1168.1,1681.9,41,9,1,225,FALSE,Pending,998,702,29-12-2023,30-11-2025,51.3,1
PRJ1018,Madhya Pradesh,Jabalpur,Urban Infrastructure,103.8,39.3,64.5,37.9,1,1,118,FALSE,In Progress,1118,1678,31-08-2023,04-04-2028,20.2,0
PRJ1019,Maharashtra,Thane,Highway,1727.1,764.8,962.3,44.3,3,2,140,FALSE,Completed,488,528,22-05-2025,01-11-2026,8.9,0
PRJ1020,West Bengal,Kolkata,Irrigation Canal,319.3,305.9,13.4,95.8,2,1,170,FALSE,Completed,771,459,12-08-2024,14-11-2025,16.6,0
PRJ1021,West Bengal,Durgapur,Power Transmission Line,1085.2,345.6,739.6,31.8,2,1,97,FALSE,Pending,1479,1596,04-09-2022,17-01-2027,23.4,0
PRJ1022,Assam,Silchar,Power Transmission Line,1165.1,210.9,954.2,18.1,7,2,248,TRUE,Pending,1468,1274,15-09-2022,12-03-2026,59.9,1
PRJ1023,Odisha,Cuttack,Power Transmission Line,2979.2,520,2459.2,17.5,2,1,90,FALSE,Completed,330,1123,27-10-2025,23-11-2028,30.5,0
PRJ1024,Maharashtra,Aurangabad,Industrial Corridor,1113,87,1026,7.8,1,0,51,FALSE,In Progress,179,1798,27-03-2026,27-02-2031,30.5,0
PRJ1025,West Bengal,Durgapur,Highway,2343.9,1465.6,878.3,62.5,3,0,143,FALSE,In Progress,1374,1321,18-12-2022,31-07-2026,19,0
PRJ1026,Maharashtra,Nagpur,Irrigation Canal,779.7,153.3,626.4,19.7,4,4,334,FALSE,In Progress,252,412,13-01-2026,01-03-2027,60,1
PRJ1027,West Bengal,Howrah,Railway Corridor,2424.9,439.8,1985.1,18.1,2,3,192,FALSE,In Progress,721,1741,01-10-2024,08-07-2029,24.4,0
PRJ1028,Madhya Pradesh,Gwalior,Power Transmission Line,2941.1,353.4,2587.7,12,1,1,292,TRUE,In Progress,1351,1139,10-01-2023,22-02-2026,42.3,0
PRJ1029,Maharashtra,Thane,Railway Corridor,710.4,320.4,390,45.1,4,2,344,FALSE,Completed,603,369,27-01-2025,31-01-2026,31,0
PRJ1030,Odisha,Bhubaneswar,Irrigation Canal,594.3,558.7,35.6,94,1,1,151,FALSE,In Progress,826,540,18-06-2024,10-12-2025,9,0
PRJ1031,Bihar,Muzaffarpur,Highway,2225.3,1005.7,1219.6,45.2,1,0,0,FALSE,Completed,901,1569,04-04-2024,21-07-2028,8.9,0
PRJ1032,Odisha,Bhubaneswar,Industrial Corridor,426.4,225.7,200.7,52.9,3,0,81,TRUE,Completed,470,648,09-06-2025,19-03-2027,25.9,0
PRJ1033,Assam,Silchar,Irrigation Canal,103.8,85.8,18,82.7,7,2,225,FALSE,In Progress,1165,507,15-07-2023,03-12-2024,27.8,0
PRJ1034,Assam,Guwahati,Irrigation Canal,1802,200.4,1601.6,11.1,0,1,39,FALSE,In Progress,213,1755,21-02-2026,12-12-2030,18.5,0
PRJ1035,Maharashtra,Thane,Irrigation Canal,2818.1,322.4,2495.7,11.4,2,1,215,TRUE,Pending,625,1700,05-01-2025,01-09-2029,69,1
PRJ1036,Rajasthan,Kota,Irrigation Canal,1891.1,37.8,1853.3,2,3,4,395,TRUE,Pending,1143,1520,06-08-2023,04-10-2027,70.7,1
PRJ1037,Uttar Pradesh,Meerut,Urban Infrastructure,2156.5,90.9,2065.6,4.2,1,1,14,FALSE,In Progress,77,1343,07-07-2026,11-03-2030,48.8,0
PRJ1038,Maharashtra,Nashik,Irrigation Canal,1069.8,41.5,1028.3,3.9,4,6,396,TRUE,Pending,1405,1878,17-11-2022,08-01-2028,86.8,1
PRJ1039,Rajasthan,Jaipur,Power Transmission Line,538.3,150.5,387.8,28,1,1,141,FALSE,Completed,656,1776,05-12-2024,16-10-2029,17.1,0
PRJ1040,Assam,Dibrugarh,Irrigation Canal,2225.6,765.9,1459.7,34.4,4,2,172,FALSE,Completed,657,504,04-12-2024,22-04-2026,32.8,0
PRJ1041,Uttar Pradesh,Lucknow,Power Transmission Line,1222.1,335.6,886.5,27.5,1,2,85,FALSE,Completed,775,1616,08-08-2024,10-01-2029,35.1,0
PRJ1042,Odisha,Bhubaneswar,Irrigation Canal,1151.3,1151.3,0,100,0,1,84,TRUE,Completed,1211,656,30-05-2023,16-03-2025,11.1,0
PRJ1043,Assam,Dibrugarh,Irrigation Canal,767.4,260.3,507.1,33.9,2,1,36,FALSE,In Progress,552,789,19-03-2025,17-05-2027,37.4,0
PRJ1044,Assam,Silchar,Industrial Corridor,2500.4,1346.6,1153.8,53.9,0,2,77,FALSE,Completed,758,1202,25-08-2024,10-12-2027,15.9,0
PRJ1045,Maharashtra,Thane,Highway,810.8,580.8,230,71.6,1,0,31,FALSE,In Progress,1254,702,17-04-2023,19-03-2025,17.7,0
PRJ1046,West Bengal,Durgapur,Highway,836.2,73.2,763,8.8,7,0,226,FALSE,In Progress,938,1917,27-02-2024,28-05-2029,50.3,1
PRJ1047,Odisha,Cuttack,Urban Infrastructure,2211.1,1916.4,294.7,86.7,1,1,48,FALSE,In Progress,686,767,05-11-2024,12-12-2026,11.8,0
PRJ1048,West Bengal,Asansol,Industrial Corridor,2904.7,2224.1,680.6,76.6,2,2,118,FALSE,Pending,1360,1422,01-01-2023,23-11-2026,34.9,0
PRJ1049,Uttar Pradesh,Agra,Railway Corridor,166.3,19.5,146.8,11.7,1,1,135,FALSE,In Progress,519,1720,21-04-2025,05-01-2030,35,0
PRJ1050,Assam,Silchar,Industrial Corridor,405.7,205.5,200.2,50.7,0,0,195,FALSE,In Progress,1335,1371,26-01-2023,28-10-2026,22.1,0
PRJ1051,Assam,Silchar,Railway Corridor,2971.5,2048.1,923.4,68.9,0,0,105,FALSE,Completed,633,514,28-12-2024,26-05-2026,4.9,0
PRJ1052,Madhya Pradesh,Bhopal,Highway,754.4,98.5,655.9,13.1,1,0,114,FALSE,In Progress,374,1918,13-09-2025,14-12-2030,28.5,0
PRJ1053,Bihar,Bhagalpur,Urban Infrastructure,2947.9,863,2084.9,29.3,2,3,176,TRUE,Pending,1249,1674,22-04-2023,21-11-2027,51.6,1
PRJ1054,Assam,Guwahati,Highway,2786.9,2786.9,0,100,1,0,200,FALSE,Completed,1323,799,07-02-2023,16-04-2025,14.4,0
PRJ1055,Uttar Pradesh,Varanasi,Highway,2564,190.7,2373.3,7.4,1,0,128,FALSE,Pending,217,1827,17-02-2026,18-02-2031,35,0
PRJ1056,Maharashtra,Thane,Urban Infrastructure,1797.6,302.1,1495.5,16.8,10,3,204,FALSE,Completed,1237,1725,04-05-2023,23-01-2028,40.8,0
PRJ1057,Assam,Dibrugarh,Power Transmission Line,1869.9,1713.9,156,91.7,2,3,190,TRUE,Pending,1050,475,07-11-2023,24-02-2025,45.6,0
PRJ1058,Uttar Pradesh,Meerut,Urban Infrastructure,2140.3,314.9,1825.4,14.7,6,3,231,TRUE,Pending,818,1715,26-06-2024,07-03-2029,66.2,1
PRJ1059,Odisha,Cuttack,Urban Infrastructure,728.7,419.9,308.8,57.6,3,2,164,FALSE,In Progress,842,625,02-06-2024,17-02-2026,33.8,0
PRJ1060,West Bengal,Kolkata,Irrigation Canal,2542.1,96.9,2445.2,3.8,4,0,140,TRUE,In Progress,152,1316,23-04-2026,29-11-2029,61.3,1
PRJ1061,Odisha,Rourkela,Power Transmission Line,491.3,161.9,329.4,33,2,3,33,FALSE,Completed,558,1633,13-03-2025,01-09-2029,24.5,0
PRJ1062,Uttar Pradesh,Kanpur,Highway,309.2,16.2,293,5.2,2,1,245,TRUE,Pending,134,1250,11-05-2026,12-10-2029,63,1
PRJ1063,Odisha,Cuttack,Industrial Corridor,2415.1,240.7,2174.4,10,2,1,49,TRUE,Completed,289,1790,07-12-2025,01-11-2030,39.2,0
PRJ1064,Assam,Dibrugarh,Industrial Corridor,2245.6,708.9,1536.7,31.6,0,2,160,TRUE,Completed,662,697,29-11-2024,27-10-2026,36,0
PRJ1065,Uttar Pradesh,Agra,Railway Corridor,2241,386.4,1854.6,17.2,2,5,268,FALSE,Completed,957,1397,08-02-2024,06-12-2027,28,0
PRJ1066,Bihar,Gaya,Industrial Corridor,2731.6,2731.6,0,100,3,1,210,TRUE,Completed,1455,787,28-09-2022,23-11-2024,16,0
PRJ1067,Assam,Guwahati,Industrial Corridor,436.1,13,423.1,3,2,2,268,TRUE,Completed,112,1569,02-06-2026,18-09-2030,54.1,1
PRJ1068,West Bengal,Kolkata,Highway,2130.9,247.4,1883.5,11.6,0,1,14,TRUE,Completed,208,1320,26-02-2026,08-10-2029,37.2,0
PRJ1069,Madhya Pradesh,Bhopal,Railway Corridor,2897.1,2897.1,0,100,2,0,188,TRUE,In Progress,1456,518,27-09-2022,27-02-2024,22,0
PRJ1070,Odisha,Cuttack,Power Transmission Line,2891.9,1578.8,1313.1,54.6,0,0,57,FALSE,Completed,1205,1867,05-06-2023,15-07-2028,11.1,0
PRJ1071,Assam,Dibrugarh,Power Transmission Line,2017.6,40.4,1977.2,2,5,2,272,FALSE,Pending,516,1785,24-04-2025,14-03-2030,57.2,1
PRJ1072,Rajasthan,Jodhpur,Highway,1018.7,448,570.7,44,4,1,236,FALSE,In Progress,1430,1750,23-10-2022,08-08-2027,37.7,0
PRJ1073,West Bengal,Howrah,Highway,1171.6,74.9,1096.7,6.4,1,0,61,FALSE,In Progress,146,1892,29-04-2026,04-07-2031,28.4,0
PRJ1074,Maharashtra,Thane,Industrial Corridor,807.5,807.5,0,100,3,1,173,TRUE,In Progress,1081,539,07-10-2023,29-03-2025,26.3,0
PRJ1075,Maharashtra,Aurangabad,Industrial Corridor,1476.5,164.5,1312,11.1,5,4,247,TRUE,Pending,670,1456,21-11-2024,16-11-2028,63.5,1
PRJ1076,Madhya Pradesh,Indore,Highway,1300.6,139.7,1160.9,10.7,1,1,174,TRUE,In Progress,144,596,01-05-2026,18-12-2027,37.3,0
PRJ1077,Assam,Guwahati,Railway Corridor,1242.7,81.6,1161.1,6.6,0,0,86,FALSE,Completed,183,1827,23-03-2026,24-03-2031,30.8,0
PRJ1078,Odisha,Bhubaneswar,Irrigation Canal,1063.5,80.4,983.1,7.6,3,3,261,TRUE,Pending,702,910,20-10-2024,18-04-2027,59.7,1
PRJ1079,Maharashtra,Aurangabad,Power Transmission Line,567.1,11.3,555.8,2,6,1,310,TRUE,In Progress,188,1599,18-03-2026,03-08-2030,61.2,1
PRJ1080,Odisha,Cuttack,Industrial Corridor,2140.8,2140.8,0,100,2,1,157,FALSE,Pending,1286,705,16-03-2023,18-02-2025,23,0
PRJ1081,Maharashtra,Nagpur,Power Transmission Line,1172.8,352.5,820.3,30.1,1,3,138,FALSE,Pending,761,1356,22-08-2024,09-05-2028,39.4,0
PRJ1082,West Bengal,Asansol,Irrigation Canal,2860.8,2860.8,0,100,2,1,212,FALSE,Completed,1286,365,16-03-2023,15-03-2024,13.5,0
PRJ1083,Maharashtra,Aurangabad,Irrigation Canal,1190.1,122.7,1067.4,10.3,4,0,201,TRUE,In Progress,949,1400,16-02-2024,17-12-2027,55.4,1
PRJ1084,West Bengal,Durgapur,Industrial Corridor,953.4,475.9,477.5,49.9,4,3,186,TRUE,Completed,1154,589,26-07-2023,06-03-2025,25.2,0
PRJ1085,Uttar Pradesh,Agra,Power Transmission Line,2511.2,222.7,2288.5,8.9,4,1,220,FALSE,Pending,944,1770,21-02-2024,26-12-2028,48.6,0
PRJ1086,Maharashtra,Thane,Highway,2868.2,242.2,2626,8.4,2,6,236,TRUE,In Progress,797,1477,17-07-2024,02-08-2028,56.9,1
PRJ1087,Uttar Pradesh,Varanasi,Highway,262.6,8.1,254.5,3.1,2,0,251,TRUE,Completed,178,1947,28-03-2026,27-07-2031,47.6,0
PRJ1088,Odisha,Bhubaneswar,Highway,1176.7,176.6,1000.1,15,2,4,246,FALSE,In Progress,244,918,21-01-2026,27-07-2028,45.8,0
PRJ1089,Assam,Guwahati,Highway,1159.2,34.2,1125,2.9,3,4,415,TRUE,Pending,1137,1277,12-08-2023,09-02-2027,76.1,1
PRJ1090,Odisha,Rourkela,Urban Infrastructure,2271.9,1244,1027.9,54.8,1,1,11,FALSE,In Progress,1130,1365,19-08-2023,15-05-2027,12.2,0
PRJ1091,Assam,Guwahati,Urban Infrastructure,2626.3,864.6,1761.7,32.9,0,0,109,FALSE,Completed,859,1563,16-05-2024,26-08-2028,9.4,0
PRJ1092,Bihar,Gaya,Highway,1157,554,603,47.9,1,5,122,TRUE,In Progress,1183,720,27-06-2023,16-06-2025,47.4,0
PRJ1093,Rajasthan,Jaipur,Urban Infrastructure,2102.1,842.9,1259.2,40.1,1,0,158,FALSE,In Progress,1034,1681,23-11-2023,30-06-2028,37.4,0
PRJ1094,Madhya Pradesh,Jabalpur,Highway,1927.6,1927.6,0,100,0,1,23,FALSE,Completed,594,467,05-02-2025,18-05-2026,1.1,0
PRJ1095,Assam,Silchar,Highway,2802.7,141.6,2661.1,5.1,4,2,275,TRUE,Pending,433,1067,16-07-2025,17-06-2028,51.2,1
PRJ1096,West Bengal,Asansol,Power Transmission Line,1468.7,64.9,1403.8,4.4,0,3,91,FALSE,In Progress,79,827,05-07-2026,09-10-2028,26.4,0
PRJ1097,Rajasthan,Kota,Irrigation Canal,863.1,863.1,0,100,0,1,137,FALSE,Completed,1171,506,09-07-2023,26-11-2024,20.8,0
PRJ1098,Odisha,Rourkela,Industrial Corridor,427.6,44.7,382.9,10.4,5,1,173,TRUE,In Progress,844,1968,31-05-2024,20-10-2029,64.2,1
PRJ1099,Madhya Pradesh,Indore,Irrigation Canal,249.6,104.9,144.7,42,5,3,295,TRUE,Completed,1192,694,18-06-2023,12-05-2025,50.2,1
PRJ1100,Madhya Pradesh,Indore,Industrial Corridor,2282.4,69.3,2213.1,3,5,0,297,FALSE,In Progress,211,1438,23-02-2026,31-01-2030,40.8,0
PRJ1101,Maharashtra,Nashik,Irrigation Canal,1351.2,129.3,1221.9,9.6,2,1,153,FALSE,In Progress,299,1368,27-11-2025,26-08-2029,39.7,0
PRJ1102,Bihar,Gaya,Irrigation Canal,2951.4,526,2425.4,17.8,2,1,157,FALSE,Pending,661,1974,30-11-2024,27-04-2030,39.3,0
PRJ1103,West Bengal,Howrah,Industrial Corridor,2991.4,1786.8,1204.6,59.7,1,0,112,TRUE,In Progress,1482,1838,01-09-2022,13-09-2027,30.8,0
PRJ1104,Uttar Pradesh,Agra,Railway Corridor,2466.8,485.9,1980.9,19.7,2,2,129,FALSE,In Progress,1220,1744,21-05-2023,28-02-2028,47,0
PRJ1105,Uttar Pradesh,Meerut,Power Transmission Line,2044.7,1311.7,733,64.2,1,1,123,FALSE,Completed,366,419,21-09-2025,14-11-2026,21.5,0
PRJ1106,Rajasthan,Kota,Urban Infrastructure,2715.6,513.7,2201.9,18.9,2,0,0,FALSE,Completed,245,1039,20-01-2026,24-11-2028,8.2,0
PRJ1107,Bihar,Bhagalpur,Highway,174,58.8,115.2,33.8,4,2,110,FALSE,Completed,1073,1249,15-10-2023,17-03-2027,33.1,0
PRJ1108,Rajasthan,Jaipur,Highway,1432.9,224.3,1208.6,15.7,1,2,84,FALSE,Completed,404,1664,14-08-2025,05-03-2030,26,0
PRJ1109,Bihar,Muzaffarpur,Urban Infrastructure,2574.3,411,2163.3,16,1,5,89,TRUE,In Progress,926,1824,10-03-2024,08-03-2029,47.3,0
PRJ1110,Odisha,Bhubaneswar,Irrigation Canal,1363.5,226.6,1136.9,16.6,3,1,233,TRUE,Completed,929,1848,07-03-2024,29-03-2029,42.4,0
PRJ1111,Maharashtra,Pune,Highway,1027.5,244.8,782.7,23.8,2,0,216,FALSE,In Progress,798,844,16-07-2024,07-11-2026,24.5,0
PRJ1112,Uttar Pradesh,Agra,Highway,1870.3,776.7,1093.6,41.5,3,0,35,FALSE,Pending,1088,1358,30-09-2023,19-06-2027,16,0
PRJ1113,West Bengal,Howrah,Industrial Corridor,2472.5,499.3,1973.2,20.2,1,1,195,TRUE,Completed,570,1904,01-03-2025,18-05-2030,35.1,0
PRJ1114,Uttar Pradesh,Kanpur,Railway Corridor,2669.7,181.6,2488.1,6.8,2,7,232,FALSE,Pending,371,1127,16-09-2025,17-10-2028,51.5,1
PRJ1115,Rajasthan,Kota,Power Transmission Line,2092.9,834.7,1258.2,39.9,1,2,34,FALSE,In Progress,594,1347,05-02-2025,14-10-2028,30.3,0
PRJ1116,Uttar Pradesh,Kanpur,Industrial Corridor,1320.1,694.1,626,52.6,2,1,245,TRUE,Completed,1482,1107,01-09-2022,12-09-2025,47.3,0
PRJ1117,West Bengal,Howrah,Power Transmission Line,724,150.5,573.5,20.8,3,1,105,FALSE,Completed,599,1140,31-01-2025,16-03-2028,25.1,0
PRJ1118,Maharashtra,Aurangabad,Highway,2952.8,322.3,2630.5,10.9,2,3,107,TRUE,Completed,449,1945,30-06-2025,27-10-2030,40,0
PRJ1119,Bihar,Patna,Industrial Corridor,1769.8,37.4,1732.4,2.1,4,2,309,TRUE,In Progress,114,1584,31-05-2026,01-10-2030,70,1
PRJ1120,West Bengal,Kolkata,Industrial Corridor,1427,364.6,1062.4,25.6,3,2,170,FALSE,Pending,716,1090,06-10-2024,01-10-2027,45.6,0
PRJ1121,Assam,Silchar,Power Transmission Line,1455.6,214.5,1241.1,14.7,0,2,301,FALSE,In Progress,540,1563,31-03-2025,11-07-2029,38.6,0
PRJ1122,Rajasthan,Udaipur,Irrigation Canal,2993.6,786.1,2207.5,26.3,3,4,82,FALSE,Completed,646,1030,15-12-2024,11-10-2027,32.6,0
PRJ1123,Bihar,Bhagalpur,Irrigation Canal,1914.7,230.2,1684.5,12,2,1,34,FALSE,In Progress,364,1776,23-09-2025,04-08-2030,28.5,0
PRJ1124,Assam,Dibrugarh,Urban Infrastructure,835.2,635.8,199.4,76.1,1,0,214,TRUE,In Progress,1308,1107,22-02-2023,05-03-2026,29.2,0
PRJ1125,Rajasthan,Kota,Industrial Corridor,2063.7,219.2,1844.5,10.6,1,0,13,FALSE,Completed,252,1394,13-01-2026,07-11-2029,24.5,0
PRJ1126,Madhya Pradesh,Bhopal,Highway,50.4,6.6,43.8,13,2,2,173,TRUE,Pending,511,1654,29-04-2025,08-11-2029,50,1
PRJ1127,West Bengal,Durgapur,Highway,1163.1,208.8,954.3,18,4,2,125,FALSE,Pending,447,1142,02-07-2025,17-08-2028,40,0
PRJ1128,West Bengal,Howrah,Highway,1112.1,103.9,1008.2,9.3,2,0,154,FALSE,Pending,365,1439,22-09-2025,31-08-2029,46.7,0
PRJ1129,Odisha,Cuttack,Highway,2398.9,1145,1253.9,47.7,1,1,57,TRUE,In Progress,1245,1643,26-04-2023,25-10-2027,36.5,0
PRJ1130,Assam,Guwahati,Railway Corridor,93.3,12.2,81.1,13.1,3,1,216,FALSE,In Progress,509,1630,01-05-2025,17-10-2029,35.7,0
PRJ1131,Odisha,Cuttack,Industrial Corridor,420.4,9.7,410.7,2.3,3,1,234,FALSE,Pending,93,1834,21-06-2026,29-06-2031,35,0
PRJ1132,Uttar Pradesh,Agra,Urban Infrastructure,499.4,404.9,94.5,81.1,1,3,291,FALSE,In Progress,1178,700,02-07-2023,01-06-2025,30.5,0
PRJ1133,Assam,Dibrugarh,Highway,1886.1,37.7,1848.4,2,4,2,216,TRUE,Completed,71,1396,13-07-2026,09-05-2030,54.7,1
PRJ1134,Rajasthan,Jaipur,Railway Corridor,940.7,26.3,914.4,2.8,6,4,243,TRUE,In Progress,216,1405,18-02-2026,24-12-2029,66.9,1
PRJ1135,Odisha,Rourkela,Railway Corridor,1591.5,821.8,769.7,51.6,0,0,15,FALSE,Completed,1432,1946,21-10-2022,18-02-2028,18.4,0
PRJ1136,Maharashtra,Aurangabad,Urban Infrastructure,1939.8,215.6,1724.2,11.1,1,0,267,TRUE,In Progress,379,890,08-09-2025,15-02-2028,44.4,0
PRJ1137,Odisha,Rourkela,Urban Infrastructure,1314.7,557.5,757.2,42.4,1,2,82,FALSE,In Progress,1382,1919,10-12-2022,12-03-2028,34.9,0
PRJ1138,Rajasthan,Jaipur,Railway Corridor,2977.7,2977.7,0,100,3,0,0,FALSE,Completed,1038,732,19-11-2023,20-11-2025,10.6,0
PRJ1139,Odisha,Rourkela,Irrigation Canal,1311.1,65,1246.1,5,3,2,39,FALSE,In Progress,107,1404,07-06-2026,11-04-2030,29.1,0
PRJ1140,Maharashtra,Nashik,Power Transmission Line,1407,242.4,1164.6,17.2,2,4,228,FALSE,Completed,353,381,04-10-2025,20-10-2026,31.5,0
PRJ1141,Odisha,Rourkela,Urban Infrastructure,2201.6,1397.9,803.7,63.5,1,2,178,FALSE,Pending,1146,1007,03-08-2023,06-05-2026,28.9,0
PRJ1142,Uttar Pradesh,Varanasi,Railway Corridor,2142.5,244.4,1898.1,11.4,0,0,0,FALSE,In Progress,207,1205,27-02-2026,16-06-2029,27.5,0
PRJ1143,Madhya Pradesh,Bhopal,Highway,1374,505.7,868.3,36.8,1,2,187,TRUE,Completed,1161,1462,19-07-2023,20-07-2027,30,0
PRJ1144,Odisha,Bhubaneswar,Highway,1172.5,253.6,918.9,21.6,0,1,3,FALSE,In Progress,846,1946,29-05-2024,26-09-2029,20.2,0
PRJ1145,Uttar Pradesh,Agra,Irrigation Canal,1472.7,916,556.7,62.2,3,0,135,FALSE,Pending,964,769,01-02-2024,11-03-2026,27,0
PRJ1146,Uttar Pradesh,Lucknow,Industrial Corridor,898.5,169.4,729.1,18.9,2,1,231,FALSE,Completed,598,1909,01-02-2025,25-04-2030,23,0
PRJ1147,Rajasthan,Udaipur,Urban Infrastructure,2353.9,1066.7,1287.2,45.3,2,2,213,FALSE,Completed,898,699,07-04-2024,07-03-2026,25.1,0
PRJ1148,Assam,Silchar,Irrigation Canal,655.7,13.1,642.6,2,3,2,354,FALSE,Completed,81,1942,03-07-2026,27-10-2031,48,0
PRJ1149,Maharashtra,Pune,Highway,2032.6,638,1394.6,31.4,1,2,252,TRUE,Completed,963,995,02-02-2024,24-10-2026,49.8,0
PRJ1150,Uttar Pradesh,Meerut,Irrigation Canal,2874.9,1691.2,1183.7,58.8,1,0,26,FALSE,In Progress,684,787,07-11-2024,03-01-2027,15,0
PRJ1151,Uttar Pradesh,Varanasi,Railway Corridor,2989,2989,0,100,0,1,41,TRUE,Completed,1372,945,20-12-2022,22-07-2025,16,0
PRJ1152,Rajasthan,Jodhpur,Highway,2035,531.4,1503.6,26.1,2,3,193,FALSE,In Progress,447,967,02-07-2025,24-02-2028,34.7,0
PRJ1153,Uttar Pradesh,Kanpur,Irrigation Canal,1390.3,570.8,819.5,41.1,5,1,257,TRUE,In Progress,1395,537,27-11-2022,17-05-2024,36.4,0
PRJ1154,Rajasthan,Jodhpur,Railway Corridor,1255.9,1255.9,0,100,3,0,79,FALSE,Completed,1129,490,20-08-2023,22-12-2024,13.2,0
PRJ1155,West Bengal,Durgapur,Urban Infrastructure,2745.7,1203.1,1542.6,43.8,3,2,200,FALSE,Pending,1137,1083,12-08-2023,30-07-2026,44.4,0
PRJ1156,West Bengal,Durgapur,Power Transmission Line,1262.7,135.1,1127.6,10.7,6,3,318,TRUE,Completed,507,637,03-05-2025,30-01-2027,70.8,1
PRJ1157,Assam,Silchar,Urban Infrastructure,697.7,59,638.7,8.5,4,2,200,TRUE,In Progress,228,916,06-02-2026,10-08-2028,70.2,1
PRJ1158,Maharashtra,Pune,Power Transmission Line,1206,628.1,577.9,52.1,0,1,325,FALSE,In Progress,424,381,25-07-2025,10-08-2026,19.1,0
PRJ1159,Odisha,Bhubaneswar,Power Transmission Line,2473.1,56.8,2416.3,2.3,4,0,285,FALSE,Completed,156,1799,19-04-2026,23-03-2031,30.1,0
PRJ1160,Uttar Pradesh,Meerut,Industrial Corridor,1659.5,837,822.5,50.4,2,1,214,FALSE,Completed,592,439,07-02-2025,22-04-2026,31.9,0
PRJ1161,Odisha,Rourkela,Urban Infrastructure,692.1,26,666.1,3.8,4,4,308,FALSE,Completed,340,1820,17-10-2025,11-10-2030,54.4,1
PRJ1162,Uttar Pradesh,Varanasi,Power Transmission Line,1979.7,524.8,1454.9,26.5,3,1,165,FALSE,In Progress,330,490,27-10-2025,01-03-2027,22.2,0
PRJ1163,Madhya Pradesh,Jabalpur,Railway Corridor,1379.8,306.7,1073.1,22.2,5,2,174,FALSE,In Progress,1174,1587,06-07-2023,09-11-2027,48.4,0
PRJ1164,Odisha,Bhubaneswar,Power Transmission Line,815.8,252.3,563.5,30.9,0,2,62,FALSE,In Progress,156,520,19-04-2026,21-09-2027,27.5,0
PRJ1165,Bihar,Patna,Irrigation Canal,2429.7,718.3,1711.4,29.6,4,0,238,FALSE,Completed,1265,1377,06-04-2023,12-01-2027,36.3,0
PRJ1166,Odisha,Bhubaneswar,Power Transmission Line,1236.9,197.1,1039.8,15.9,3,2,272,FALSE,In Progress,771,1772,12-08-2024,19-06-2029,49.1,0
PRJ1167,Rajasthan,Jaipur,Urban Infrastructure,207.4,35.2,172.2,17,1,0,115,FALSE,Completed,284,1404,12-12-2025,16-10-2029,27.7,0
PRJ1168,Assam,Dibrugarh,Urban Infrastructure,1760.2,638.9,1121.3,36.3,0,0,0,FALSE,Pending,980,1924,16-01-2024,23-04-2029,9.1,0
PRJ1169,Maharashtra,Thane,Highway,867.2,80.3,786.9,9.3,1,1,237,FALSE,In Progress,364,1775,23-09-2025,03-08-2030,35.6,0
PRJ1170,Odisha,Rourkela,Power Transmission Line,2410.2,573.4,1836.8,23.8,3,1,245,FALSE,Completed,854,1655,21-05-2024,01-12-2028,21.9,0
PRJ1171,Maharashtra,Nagpur,Irrigation Canal,1433.9,152.7,1281.2,10.6,6,1,140,TRUE,In Progress,150,709,25-04-2026,03-04-2028,49.5,0
PRJ1172,Assam,Dibrugarh,Urban Infrastructure,2600.7,207.7,2393,8,3,3,148,FALSE,Completed,662,1114,29-11-2024,18-12-2027,31.1,0
PRJ1173,Odisha,Cuttack,Irrigation Canal,2975.7,572,2403.7,19.2,3,4,192,FALSE,Completed,1065,1045,23-10-2023,02-09-2026,38,0
PRJ1174,Odisha,Bhubaneswar,Power Transmission Line,2856.8,1151.4,1705.4,40.3,1,1,7,FALSE,Completed,461,722,18-06-2025,10-06-2027,18.1,0
PRJ1175,Maharashtra,Thane,Urban Infrastructure,2911.3,936.4,1974.9,32.2,2,3,188,FALSE,Completed,439,366,10-07-2025,11-07-2026,24.2,0
PRJ1176,Maharashtra,Pune,Industrial Corridor,1160.8,307.6,853.2,26.5,1,5,193,FALSE,In Progress,1073,1894,15-10-2023,21-12-2028,50,0
PRJ1177,Rajasthan,Jodhpur,Railway Corridor,553.6,229.9,323.7,41.5,0,3,405,TRUE,In Progress,401,446,17-08-2025,06-11-2026,51.9,1
PRJ1178,Odisha,Rourkela,Urban Infrastructure,2102.1,42,2060.1,2,8,2,315,TRUE,In Progress,119,1406,26-05-2026,01-04-2030,58.8,1
PRJ1179,Madhya Pradesh,Indore,Urban Infrastructure,2844.1,2226.8,617.3,78.3,1,2,127,FALSE,Completed,549,494,22-03-2025,29-07-2026,8.8,0
PRJ1180,Odisha,Bhubaneswar,Industrial Corridor,597.9,153.5,444.4,25.7,2,3,180,FALSE,Pending,1237,1602,04-05-2023,22-09-2027,35.2,0
PRJ1181,Maharashtra,Nagpur,Industrial Corridor,2284.5,799.9,1484.6,35,2,2,29,FALSE,Completed,1042,1918,15-11-2023,14-02-2029,26.6,0
PRJ1182,Odisha,Bhubaneswar,Railway Corridor,1662.8,128.3,1534.5,7.7,6,0,94,FALSE,In Progress,210,1308,24-02-2026,24-09-2029,46.8,0
PRJ1183,Madhya Pradesh,Jabalpur,Urban Infrastructure,2597.2,494.4,2102.8,19,2,1,156,FALSE,Completed,267,554,29-12-2025,06-07-2027,14.8,0
PRJ1184,West Bengal,Durgapur,Highway,795.9,427.1,368.8,53.7,4,1,168,FALSE,In Progress,1270,726,01-04-2023,27-03-2025,32.5,0
PRJ1185,Bihar,Patna,Highway,863.5,255.1,608.4,29.5,2,2,71,FALSE,In Progress,382,755,05-09-2025,30-09-2027,36.6,0
PRJ1186,Madhya Pradesh,Gwalior,Irrigation Canal,1239.5,99.5,1140,8,1,1,179,FALSE,In Progress,160,1011,15-04-2026,20-01-2029,34.4,0
PRJ1187,Rajasthan,Kota,Power Transmission Line,699.3,176,523.3,25.2,2,1,153,FALSE,Completed,515,832,25-04-2025,05-08-2027,22.6,0
PRJ1188,West Bengal,Kolkata,Industrial Corridor,1359.5,508,851.5,37.4,2,2,147,FALSE,In Progress,1253,1530,18-04-2023,26-06-2027,22.4,0
PRJ1189,Bihar,Patna,Urban Infrastructure,2470.3,1207.2,1263.1,48.9,4,1,120,TRUE,Completed,1337,1051,24-01-2023,10-12-2025,37.8,0
PRJ1190,Assam,Guwahati,Railway Corridor,2699,467.7,2231.3,17.3,3,0,152,FALSE,Pending,255,743,10-01-2026,23-01-2028,35.9,0
PRJ1191,Rajasthan,Udaipur,Irrigation Canal,1289,83.9,1205.1,6.5,2,1,174,FALSE,Completed,149,1240,26-04-2026,17-09-2029,24.2,0
PRJ1192,Assam,Dibrugarh,Industrial Corridor,1307.1,148.4,1158.7,11.4,2,1,133,FALSE,Completed,364,1595,23-09-2025,04-02-2030,5.7,0
PRJ1193,Bihar,Muzaffarpur,Industrial Corridor,2096.7,1276.6,820.1,60.9,4,0,93,TRUE,In Progress,902,916,03-04-2024,06-10-2026,28,0
PRJ1194,Assam,Guwahati,Irrigation Canal,1263.3,145.4,1117.9,11.5,5,1,289,FALSE,Completed,1483,1962,31-08-2022,14-01-2028,42.3,0
PRJ1195,West Bengal,Durgapur,Irrigation Canal,2956.3,1766.8,1189.5,59.8,0,0,0,FALSE,Completed,678,821,13-11-2024,12-02-2027,8.8,0
PRJ1196,Assam,Dibrugarh,Industrial Corridor,168.4,27,141.4,16,2,5,187,FALSE,In Progress,888,1066,17-04-2024,19-03-2027,37.7,0
PRJ1197,Madhya Pradesh,Indore,Highway,1894.7,368,1526.7,19.4,0,1,68,FALSE,Pending,538,1125,02-04-2025,01-05-2028,29.7,0
PRJ1198,Madhya Pradesh,Jabalpur,Industrial Corridor,2343.5,2343.5,0,100,4,0,273,TRUE,In Progress,1269,573,02-04-2023,26-10-2024,41.6,0
PRJ1199,West Bengal,Asansol,Highway,958.3,248.6,709.7,25.9,3,0,287,FALSE,Completed,1045,1840,12-11-2023,25-11-2028,26.8,0
PRJ1200,West Bengal,Kolkata,Irrigation Canal,1236,282.6,953.4,22.9,2,4,193,TRUE,In Progress,619,757,11-01-2025,07-02-2027,47.4,0
PRJ1201,Madhya Pradesh,Gwalior,Irrigation Canal,2497.7,1324.6,1173.1,53,4,3,252,FALSE,Completed,884,784,21-04-2024,14-06-2026,25.4,0
PRJ1202,Bihar,Gaya,Irrigation Canal,2204.2,66.5,2137.7,3,4,2,308,TRUE,Completed,211,1322,23-02-2026,07-10-2029,69.1,1
PRJ1203,Rajasthan,Udaipur,Railway Corridor,922.2,212.4,709.8,23,4,0,247,TRUE,Pending,822,1562,22-06-2024,01-10-2028,59.7,1
PRJ1204,West Bengal,Kolkata,Power Transmission Line,2121.2,285.4,1835.8,13.5,0,0,51,FALSE,Completed,149,919,26-04-2026,31-10-2028,10.3,0
PRJ1205,Rajasthan,Udaipur,Urban Infrastructure,1522.9,231.5,1291.4,15.2,2,1,92,TRUE,Completed,437,1223,12-07-2025,16-11-2028,41,0
PRJ1206,Bihar,Bhagalpur,Highway,424.1,158,266.1,37.3,1,3,213,TRUE,In Progress,1367,1012,25-12-2022,02-10-2025,56.7,1
PRJ1207,Odisha,Rourkela,Irrigation Canal,1326.7,297.1,1029.6,22.4,3,3,239,TRUE,In Progress,803,1314,11-07-2024,15-02-2028,48.3,0
PRJ1208,Uttar Pradesh,Kanpur,Highway,490,63,427,12.9,0,1,256,TRUE,Completed,243,674,22-01-2026,27-11-2027,28.7,0
PRJ1209,Rajasthan,Jaipur,Railway Corridor,1355.6,271.1,1084.5,20,7,1,257,TRUE,Completed,930,1613,06-03-2024,05-08-2028,64.8,1
PRJ1210,Maharashtra,Nashik,Railway Corridor,286.3,24.2,262.1,8.4,1,2,282,TRUE,In Progress,149,481,26-04-2026,20-08-2027,49.1,0
PRJ1211,West Bengal,Durgapur,Highway,1695.7,708.6,987.1,41.8,2,0,53,TRUE,In Progress,414,950,04-08-2025,11-03-2028,35.1,0
PRJ1212,Assam,Guwahati,Irrigation Canal,188.6,9.6,179,5.1,0,1,100,TRUE,Pending,119,1947,26-05-2026,24-09-2031,61.4,1
PRJ1213,Odisha,Rourkela,Urban Infrastructure,1496.7,352.5,1144.2,23.6,6,6,211,FALSE,In Progress,811,476,03-07-2024,22-10-2025,57.7,1
PRJ1214,West Bengal,Howrah,Irrigation Canal,463,384.5,78.5,83,1,0,0,FALSE,In Progress,1326,1848,04-02-2023,26-02-2028,8.9,0
PRJ1215,Uttar Pradesh,Varanasi,Irrigation Canal,2117.1,383.8,1733.3,18.1,2,0,111,TRUE,In Progress,536,1582,04-04-2025,03-08-2029,30,0
PRJ1216,West Bengal,Howrah,Power Transmission Line,1490.1,109.6,1380.5,7.4,2,1,174,TRUE,In Progress,191,1387,15-03-2026,31-12-2029,48.9,0
PRJ1217,West Bengal,Asansol,Power Transmission Line,798.2,53.7,744.5,6.7,6,1,291,TRUE,In Progress,915,1329,21-03-2024,10-11-2027,54.8,1
PRJ1218,Uttar Pradesh,Varanasi,Railway Corridor,2329.4,451,1878.4,19.4,4,1,302,FALSE,In Progress,1335,1699,26-01-2023,21-09-2027,42.7,0
PRJ1219,West Bengal,Howrah,Power Transmission Line,897.3,595.1,302.2,66.3,0,2,165,FALSE,Completed,651,707,10-12-2024,17-11-2026,10.5,0
PRJ1220,Assam,Guwahati,Power Transmission Line,945,640.6,304.4,67.8,1,3,33,FALSE,In Progress,1133,744,16-08-2023,29-08-2025,22.4,0
PRJ1221,Bihar,Gaya,Urban Infrastructure,2361,449.7,1911.3,19,4,0,142,TRUE,Completed,1224,1796,17-05-2023,16-04-2028,39.8,0
PRJ1222,West Bengal,Durgapur,Irrigation Canal,2366,67.3,2298.7,2.8,1,1,64,TRUE,Completed,67,1093,17-07-2026,14-07-2029,30.3,0
PRJ1223,Rajasthan,Kota,Urban Infrastructure,2833.5,577.3,2256.2,20.4,3,2,204,TRUE,Pending,1034,1404,23-11-2023,27-09-2027,56.6,1
PRJ1224,West Bengal,Kolkata,Irrigation Canal,1832.7,343.3,1489.4,18.7,0,2,134,FALSE,Completed,647,1814,14-12-2024,02-12-2029,21.4,0
PRJ1225,Rajasthan,Udaipur,Railway Corridor,1912.6,385.7,1526.9,20.2,2,0,181,FALSE,Completed,555,1216,16-03-2025,14-07-2028,23.7,0
PRJ1226,West Bengal,Durgapur,Power Transmission Line,1276.8,874.6,402.2,68.5,3,4,130,FALSE,Completed,1277,789,25-03-2023,22-05-2025,28.8,0
PRJ1227,Bihar,Patna,Power Transmission Line,652.5,130.6,521.9,20,3,0,239,TRUE,Completed,797,935,17-07-2024,07-02-2027,42.1,0
PRJ1228,Odisha,Bhubaneswar,Industrial Corridor,741.8,23.5,718.3,3.2,3,2,155,FALSE,In Progress,105,1239,09-06-2026,30-10-2029,39.6,0
PRJ1229,Assam,Dibrugarh,Railway Corridor,1709.2,1709.2,0,100,1,1,85,TRUE,Completed,1361,477,31-12-2022,21-04-2024,20,0
PRJ1230,Rajasthan,Jaipur,Highway,739,43,696,5.8,6,2,297,TRUE,In Progress,238,480,27-01-2026,22-05-2027,57.8,1
PRJ1231,West Bengal,Kolkata,Industrial Corridor,2600.7,2081.3,519.4,80,1,0,68,TRUE,In Progress,1472,1355,11-09-2022,28-05-2026,36.2,0
PRJ1232,Maharashtra,Thane,Industrial Corridor,2275.9,2275.9,0,100,0,1,127,FALSE,Completed,1202,725,08-06-2023,02-06-2025,1,0
PRJ1233,Assam,Dibrugarh,Power Transmission Line,2869.2,1257.3,1611.9,43.8,3,0,177,FALSE,Completed,963,678,02-02-2024,11-12-2025,22.1,0
PRJ1234,Uttar Pradesh,Lucknow,Irrigation Canal,2486.5,2024.4,462.1,81.4,6,3,144,FALSE,In Progress,1086,680,02-10-2023,12-08-2025,36.8,0
PRJ1235,Maharashtra,Nagpur,Industrial Corridor,1576,405.6,1170.4,25.7,4,1,228,TRUE,Pending,632,766,29-12-2024,03-02-2027,45.9,0
PRJ1236,Madhya Pradesh,Bhopal,Highway,527,59.2,467.8,11.2,2,2,164,FALSE,In Progress,920,1805,16-03-2024,23-02-2029,43.8,0
PRJ1237,Assam,Silchar,Industrial Corridor,719.6,412.3,307.3,57.3,3,4,212,FALSE,In Progress,1415,1383,07-11-2022,21-08-2026,33.9,0
PRJ1238,Odisha,Bhubaneswar,Urban Infrastructure,1215.4,804.8,410.6,66.2,3,2,182,FALSE,Completed,1452,1534,01-10-2022,13-12-2026,16,0
PRJ1239,Rajasthan,Kota,Urban Infrastructure,934,284.3,649.7,30.4,3,0,94,TRUE,Completed,1122,1766,27-08-2023,27-06-2028,26.5,0
PRJ1240,Assam,Dibrugarh,Industrial Corridor,1284,1284,0,100,1,2,132,FALSE,Completed,1286,502,16-03-2023,30-07-2024,1.3,0
PRJ1241,West Bengal,Durgapur,Irrigation Canal,538.2,114.9,423.3,21.3,1,3,250,FALSE,Pending,819,788,25-06-2024,22-08-2026,42.4,0
PRJ1242,Maharashtra,Pune,Highway,2386.1,549.2,1836.9,23,5,2,190,TRUE,In Progress,462,587,17-06-2025,25-01-2027,53.5,1
PRJ1243,West Bengal,Asansol,Industrial Corridor,300.7,53.6,247.1,17.8,1,2,110,TRUE,Completed,544,1870,27-03-2025,10-05-2030,32.9,0
PRJ1244,Uttar Pradesh,Varanasi,Railway Corridor,236.2,236.2,0,100,0,0,128,FALSE,Completed,1277,551,25-03-2023,26-09-2024,2.9,0
PRJ1245,Uttar Pradesh,Meerut,Railway Corridor,232.7,51,181.7,21.9,2,2,190,TRUE,In Progress,882,908,23-04-2024,18-10-2026,47.7,0
PRJ1246,West Bengal,Howrah,Industrial Corridor,732.5,256.5,476,35,4,1,182,TRUE,Completed,848,634,27-05-2024,20-02-2026,34.8,0
PRJ1247,Bihar,Patna,Irrigation Canal,2563.5,340.5,2223,13.3,3,3,315,TRUE,Pending,994,1835,02-01-2024,10-01-2029,67.1,1
PRJ1248,West Bengal,Howrah,Railway Corridor,2542.7,1746.7,796,68.7,1,0,94,FALSE,Pending,708,777,14-10-2024,30-11-2026,15.3,0
PRJ1249,Assam,Guwahati,Irrigation Canal,650.4,19.9,630.5,3.1,1,2,287,TRUE,Pending,252,1894,13-01-2026,22-03-2031,59.4,1
PRJ1250,Maharashtra,Thane,Railway Corridor,1122,627.4,494.6,55.9,5,1,250,FALSE,Completed,1214,1075,27-05-2023,06-05-2026,33.1,0
PRJ1251,Maharashtra,Nashik,Irrigation Canal,1650.6,238.2,1412.4,14.4,2,2,345,TRUE,Pending,1306,1308,24-02-2023,24-09-2026,52.2,1
PRJ1252,Maharashtra,Pune,Urban Infrastructure,2011,756.6,1254.4,37.6,0,1,40,FALSE,Completed,782,1852,01-08-2024,27-08-2029,12.2,0
PRJ1253,Odisha,Bhubaneswar,Power Transmission Line,2599.9,52,2547.9,2,2,2,237,FALSE,In Progress,138,1953,07-05-2026,11-09-2031,37.5,0
PRJ1254,West Bengal,Durgapur,Urban Infrastructure,1864.4,104.8,1759.6,5.6,0,1,145,TRUE,In Progress,426,940,23-07-2025,18-02-2028,40.3,0
PRJ1255,West Bengal,Asansol,Highway,2175.3,812.4,1362.9,37.3,2,2,192,FALSE,In Progress,746,1001,06-09-2024,04-06-2027,33.5,0
PRJ1256,Uttar Pradesh,Kanpur,Irrigation Canal,1864.5,899.5,965,48.2,3,1,67,TRUE,In Progress,795,788,19-07-2024,15-09-2026,37.4,0
PRJ1257,Assam,Silchar,Urban Infrastructure,1037.9,433.1,604.8,41.7,5,2,219,TRUE,Pending,1288,1179,14-03-2023,05-06-2026,58.8,1
PRJ1258,Rajasthan,Jaipur,Railway Corridor,317.2,141,176.2,44.5,4,1,124,TRUE,In Progress,1276,495,26-03-2023,02-08-2024,49.4,0
PRJ1259,Maharashtra,Aurangabad,Urban Infrastructure,2781.2,2781.2,0,100,2,1,55,FALSE,In Progress,1265,893,06-04-2023,15-09-2025,11.4,0
PRJ1260,Assam,Silchar,Industrial Corridor,729.4,349.1,380.3,47.9,0,2,169,FALSE,In Progress,1182,1219,28-06-2023,29-10-2026,22.3,0
PRJ1261,Uttar Pradesh,Varanasi,Industrial Corridor,1173.6,1134.6,39,96.7,1,2,71,FALSE,Pending,1035,559,22-11-2023,03-06-2025,10.9,0
PRJ1262,West Bengal,Asansol,Railway Corridor,420.6,314.6,106,74.8,1,1,67,FALSE,Pending,1212,760,29-05-2023,27-06-2025,14.9,0
PRJ1263,Madhya Pradesh,Bhopal,Power Transmission Line,2582.1,185.9,2396.2,7.2,2,3,191,TRUE,Pending,483,1094,27-05-2025,25-05-2028,64.3,1
PRJ1264,Madhya Pradesh,Bhopal,Railway Corridor,511.3,231.5,279.8,45.3,2,2,135,TRUE,Completed,768,872,15-08-2024,04-01-2027,22.2,0
PRJ1265,Maharashtra,Pune,Industrial Corridor,443.2,348.1,95.1,78.6,3,4,212,FALSE,Completed,980,498,16-01-2024,28-05-2025,28.4,0
PRJ1266,Maharashtra,Nashik,Industrial Corridor,2395.3,152.9,2242.4,6.4,5,1,325,TRUE,Completed,434,994,15-07-2025,04-04-2028,60,1
PRJ1267,Maharashtra,Nashik,Highway,2800.4,316.1,2484.3,11.3,4,0,41,FALSE,Completed,91,515,23-06-2026,20-11-2027,24.7,0
PRJ1268,Bihar,Muzaffarpur,Industrial Corridor,2948.3,1904.2,1044.1,64.6,2,0,66,FALSE,Completed,1397,1413,25-11-2022,08-10-2026,6.7,0
PRJ1269,Rajasthan,Kota,Highway,2944.1,794,2150.1,27,1,2,221,TRUE,Completed,1090,1955,28-09-2023,03-02-2029,48.3,0
PRJ1270,Bihar,Gaya,Railway Corridor,771.7,111,660.7,14.4,3,0,73,FALSE,In Progress,553,1258,18-03-2025,27-08-2028,32.4,0
PRJ1271,Odisha,Bhubaneswar,Urban Infrastructure,1233.4,296.7,936.7,24.1,0,0,25,FALSE,In Progress,469,1991,10-06-2025,22-11-2030,9,0
PRJ1272,Madhya Pradesh,Gwalior,Power Transmission Line,2041.9,753.5,1288.4,36.9,4,0,97,FALSE,In Progress,950,1642,15-02-2024,14-08-2028,31.9,0
PRJ1273,Odisha,Bhubaneswar,Highway,976.8,180.1,796.7,18.4,2,2,102,TRUE,In Progress,780,1855,03-08-2024,01-09-2029,37.7,0
PRJ1274,Odisha,Rourkela,Highway,1084.8,97,987.8,8.9,1,2,159,FALSE,In Progress,432,1801,17-07-2025,22-06-2030,24.7,0
PRJ1275,Madhya Pradesh,Indore,Power Transmission Line,2839.9,2839.9,0,100,0,0,33,TRUE,Completed,1205,596,05-06-2023,21-01-2025,7,0
PRJ1276,West Bengal,Asansol,Industrial Corridor,306,111,195,36.3,0,0,13,TRUE,Completed,680,1199,11-11-2024,23-02-2028,12.9,0
PRJ1277,Maharashtra,Aurangabad,Urban Infrastructure,1427.7,123.8,1303.9,8.7,3,2,157,TRUE,In Progress,201,1099,05-03-2026,08-03-2029,48.2,0
PRJ1278,Maharashtra,Pune,Urban Infrastructure,2741,2741,0,100,0,0,81,FALSE,Completed,1245,749,26-04-2023,14-05-2025,13.8,0
PRJ1279,Odisha,Cuttack,Power Transmission Line,1759.8,63.2,1696.6,3.6,5,4,231,TRUE,Completed,635,1049,26-12-2024,10-11-2027,61,1
PRJ1280,Bihar,Muzaffarpur,Highway,104.7,12.5,92.2,11.9,2,0,249,FALSE,Pending,579,1595,20-02-2025,04-07-2029,40.5,0
PRJ1281,Bihar,Patna,Irrigation Canal,1449.9,40.2,1409.7,2.8,5,1,239,FALSE,Completed,364,1568,23-09-2025,08-01-2030,27.4,0
PRJ1282,Uttar Pradesh,Varanasi,Industrial Corridor,2166.2,1127,1039.2,52,2,2,175,FALSE,Completed,1474,991,09-09-2022,27-05-2025,16.9,0
PRJ1283,West Bengal,Kolkata,Highway,1276.1,25.5,1250.6,2,6,6,326,TRUE,In Progress,413,1860,05-08-2025,08-09-2030,73.5,1
PRJ1284,Bihar,Gaya,Urban Infrastructure,2701.1,2701.1,0,100,0,0,36,FALSE,In Progress,1402,569,20-11-2022,11-06-2024,16.4,0
PRJ1285,Bihar,Muzaffarpur,Railway Corridor,2899.2,787.3,2111.9,27.2,4,1,209,FALSE,Completed,1114,1484,04-09-2023,27-09-2027,23.5,0
PRJ1286,Madhya Pradesh,Jabalpur,Railway Corridor,2778.9,360.8,2418.1,13,7,1,187,FALSE,In Progress,252,554,13-01-2026,21-07-2027,42.8,0
PRJ1287,Madhya Pradesh,Gwalior,Industrial Corridor,2697.7,54,2643.7,2,4,1,273,FALSE,In Progress,84,1935,30-06-2026,17-10-2031,46.6,0
PRJ1288,Assam,Guwahati,Power Transmission Line,1057.9,905.7,152.2,85.6,2,1,191,FALSE,In Progress,1298,713,04-03-2023,14-02-2025,22,0
PRJ1289,Rajasthan,Jaipur,Railway Corridor,1899.2,966.3,932.9,50.9,3,2,246,TRUE,Pending,1292,527,10-03-2023,18-08-2024,56.7,1
PRJ1290,Uttar Pradesh,Kanpur,Railway Corridor,1888.3,535.1,1353.2,28.3,3,2,173,FALSE,Completed,1068,1605,20-10-2023,12-03-2028,38,0
PRJ1291,Uttar Pradesh,Lucknow,Irrigation Canal,2853.3,770.1,2083.2,27,5,2,181,FALSE,In Progress,541,539,30-03-2025,20-09-2026,37.8,0
PRJ1292,Maharashtra,Thane,Power Transmission Line,1369.7,124.4,1245.3,9.1,1,2,196,TRUE,In Progress,457,1560,22-06-2025,29-09-2029,40.8,0
PRJ1293,Madhya Pradesh,Indore,Highway,2182.2,1074.2,1108,49.2,2,2,167,TRUE,Completed,807,748,07-07-2024,25-07-2026,38.3,0
PRJ1294,Bihar,Patna,Irrigation Canal,2773.7,416.3,2357.4,15,3,1,183,FALSE,Pending,1192,1198,18-06-2023,28-09-2026,37.4,0
PRJ1295,West Bengal,Kolkata,Power Transmission Line,1642,417.4,1224.6,25.4,3,3,218,TRUE,In Progress,1422,1312,31-10-2022,04-06-2026,59,1
PRJ1296,Bihar,Bhagalpur,Urban Infrastructure,1505.8,149.4,1356.4,9.9,1,0,20,FALSE,Completed,289,1812,07-12-2025,23-11-2030,19.9,0
PRJ1297,Maharashtra,Nagpur,Power Transmission Line,669.8,500.6,169.2,74.7,1,4,167,TRUE,Completed,1272,707,30-03-2023,06-03-2025,30,0
PRJ1298,Maharashtra,Nashik,Urban Infrastructure,824.9,824.9,0,100,4,1,124,FALSE,In Progress,874,390,01-05-2024,26-05-2025,11.2,0
PRJ1299,Assam,Dibrugarh,Industrial Corridor,189.3,9.1,180.2,4.8,0,3,124,TRUE,In Progress,622,1453,08-01-2025,31-12-2028,53.4,1
PRJ1300,Uttar Pradesh,Varanasi,Railway Corridor,549.1,81.2,467.9,14.8,2,0,250,FALSE,In Progress,1486,1808,28-08-2022,10-08-2027,22.8,0
PRJ1301,Maharashtra,Nashik,Railway Corridor,200,37.4,162.6,18.7,7,4,165,TRUE,In Progress,263,532,02-01-2026,18-06-2027,60.4,1
PRJ1302,Assam,Silchar,Railway Corridor,2857.5,645.5,2212,22.6,3,2,127,FALSE,Completed,817,1687,27-06-2024,08-02-2029,42.4,0
PRJ1303,Odisha,Bhubaneswar,Highway,1059.4,388.4,671,36.7,1,0,68,TRUE,Completed,696,1458,26-10-2024,23-10-2028,34.7,0
PRJ1304,Uttar Pradesh,Lucknow,Highway,2165.7,568,1597.7,26.2,0,0,41,FALSE,Completed,416,1419,02-08-2025,21-06-2029,12.3,0
PRJ1305,Odisha,Rourkela,Urban Infrastructure,1271.7,397.8,873.9,31.3,3,0,80,FALSE,Pending,839,1394,05-06-2024,30-03-2028,35.8,0
PRJ1306,Odisha,Rourkela,Highway,2499.1,768,1731.1,30.7,1,5,106,TRUE,Completed,721,1392,01-10-2024,24-07-2028,37.8,0
PRJ1307,Maharashtra,Pune,Industrial Corridor,2263,2263,0,100,1,1,13,FALSE,Completed,1339,903,22-01-2023,13-07-2025,9.7,0
PRJ1308,Maharashtra,Aurangabad,Industrial Corridor,2576.9,1080.5,1496.4,41.9,5,0,48,FALSE,Completed,1424,1618,29-10-2022,04-04-2027,32,0
PRJ1309,Bihar,Gaya,Highway,1569.8,469.9,1099.9,29.9,2,0,320,FALSE,Completed,917,1246,19-03-2024,17-08-2027,20.7,0
PRJ1310,Rajasthan,Kota,Railway Corridor,196.3,66.5,129.8,33.9,0,1,120,FALSE,Pending,1055,1809,02-11-2023,15-10-2028,43.3,0
PRJ1311,West Bengal,Asansol,Irrigation Canal,258.1,183,75.1,70.9,5,1,265,FALSE,In Progress,956,381,09-02-2024,24-02-2025,35.2,0
PRJ1312,Odisha,Rourkela,Highway,867,326.4,540.6,37.6,2,0,134,FALSE,Pending,935,1972,01-03-2024,25-07-2029,31.5,0
PRJ1313,Madhya Pradesh,Gwalior,Industrial Corridor,2749.7,1862.3,887.4,67.7,3,3,153,TRUE,Completed,1201,670,09-06-2023,09-04-2025,34.3,0
PRJ1314,West Bengal,Kolkata,Railway Corridor,736.2,618.4,117.8,84,1,0,4,FALSE,In Progress,1457,1278,26-09-2022,27-03-2026,13.7,0
PRJ1315,Uttar Pradesh,Lucknow,Irrigation Canal,760,43.7,716.3,5.7,1,0,165,FALSE,In Progress,62,828,22-07-2026,27-10-2028,41.5,0
PRJ1316,Maharashtra,Thane,Industrial Corridor,1100.8,139.1,961.7,12.6,0,0,76,FALSE,In Progress,172,1520,03-04-2026,01-06-2030,18.5,0
PRJ1317,Odisha,Rourkela,Highway,2003.2,360.4,1642.8,18,3,1,302,FALSE,In Progress,755,1003,28-08-2024,28-05-2027,36.9,0
PRJ1318,West Bengal,Kolkata,Industrial Corridor,676.2,531.3,144.9,78.6,2,0,15,FALSE,Completed,1028,1232,29-11-2023,14-04-2027,1,0
PRJ1319,Odisha,Rourkela,Urban Infrastructure,1248.8,875.1,373.7,70.1,4,0,139,FALSE,In Progress,980,917,16-01-2024,21-07-2026,17.2,0
PRJ1320,Madhya Pradesh,Indore,Urban Infrastructure,718.9,227.7,491.2,31.7,2,2,122,FALSE,Completed,677,1322,14-11-2024,28-06-2028,27.6,0
PRJ1321,Odisha,Bhubaneswar,Irrigation Canal,1072.8,512.6,560.2,47.8,1,0,113,FALSE,In Progress,414,468,04-08-2025,15-11-2026,23.1,0
PRJ1322,Odisha,Cuttack,Railway Corridor,178.1,70.1,108,39.3,2,0,151,FALSE,Completed,1210,1677,31-05-2023,02-01-2028,12.1,0
PRJ1323,Maharashtra,Nagpur,Irrigation Canal,1108.7,890.1,218.6,80.3,0,0,51,FALSE,In Progress,1209,801,01-06-2023,10-08-2025,6.3,0
PRJ1324,Uttar Pradesh,Lucknow,Urban Infrastructure,693.9,449.3,244.6,64.7,4,2,210,FALSE,Pending,742,371,10-09-2024,16-09-2025,28.9,0
PRJ1325,West Bengal,Asansol,Power Transmission Line,2834.1,315.4,2518.7,11.1,4,2,229,TRUE,Completed,707,1733,15-10-2024,14-07-2029,43.7,0
PRJ1326,Rajasthan,Jaipur,Railway Corridor,2388.9,526.5,1862.4,22,3,2,206,FALSE,Completed,571,1152,28-02-2025,25-04-2028,38.6,0
PRJ1327,Maharashtra,Pune,Railway Corridor,2425,118.5,2306.5,4.9,5,1,263,TRUE,Completed,375,1124,12-09-2025,10-10-2028,55,1
PRJ1328,Maharashtra,Thane,Power Transmission Line,983.6,112.8,870.8,11.5,3,1,189,FALSE,Pending,369,1691,18-09-2025,06-05-2030,46.1,0
PRJ1329,West Bengal,Asansol,Railway Corridor,312.6,32.1,280.5,10.3,3,0,135,TRUE,Pending,338,1045,19-10-2025,29-08-2028,46.7,0
PRJ1330,Maharashtra,Pune,Irrigation Canal,2354.8,772.5,1582.3,32.8,3,1,106,FALSE,Completed,625,658,05-01-2025,25-10-2026,23.2,0
PRJ1331,West Bengal,Durgapur,Power Transmission Line,1042.1,1042.1,0,100,2,0,0,TRUE,In Progress,1290,372,12-03-2023,18-03-2024,38.4,0
PRJ1332,Uttar Pradesh,Varanasi,Power Transmission Line,2793.5,754.9,2038.6,27,0,2,208,TRUE,Completed,986,794,10-01-2024,14-03-2026,43.2,0
PRJ1333,Bihar,Patna,Urban Infrastructure,2714.8,936.6,1778.2,34.5,2,2,195,FALSE,In Progress,851,1437,24-05-2024,30-04-2028,39.1,0
PRJ1334,Maharashtra,Nagpur,Power Transmission Line,1559.2,1122.8,436.4,72,4,1,168,TRUE,Completed,1330,605,31-01-2023,27-09-2024,36,0
PRJ1335,Madhya Pradesh,Jabalpur,Power Transmission Line,2467.2,235.5,2231.7,9.5,6,4,267,FALSE,Completed,655,1258,06-12-2024,17-05-2028,50,1
PRJ1336,Rajasthan,Kota,Highway,2033.2,452.8,1580.4,22.3,2,1,150,FALSE,In Progress,562,1499,09-03-2025,16-04-2029,29.1,0
PRJ1337,Maharashtra,Nashik,Railway Corridor,1069.6,708.9,360.7,66.3,2,0,169,TRUE,Completed,1220,822,21-05-2023,20-08-2025,36.6,0
PRJ1338,Uttar Pradesh,Agra,Industrial Corridor,266.3,28.3,238,10.6,3,2,137,TRUE,In Progress,433,1405,16-07-2025,21-05-2029,47.7,0
PRJ1339,West Bengal,Kolkata,Irrigation Canal,1955.8,516.4,1439.4,26.4,0,0,144,FALSE,In Progress,819,1885,25-06-2024,23-08-2029,16.2,0
PRJ1340,Uttar Pradesh,Kanpur,Urban Infrastructure,1689.9,224.6,1465.3,13.3,3,1,129,FALSE,In Progress,79,396,05-07-2026,05-08-2027,37.9,0
PRJ1341,Madhya Pradesh,Gwalior,Highway,1692.3,593,1099.3,35,2,3,191,TRUE,Pending,1052,572,05-11-2023,30-05-2025,62.6,1
PRJ1342,Maharashtra,Pune,Urban Infrastructure,77,20.5,56.5,26.6,0,0,166,TRUE,Pending,658,1542,03-12-2024,22-02-2029,35.3,0
PRJ1343,Madhya Pradesh,Bhopal,Industrial Corridor,2422.9,1216.4,1206.5,50.2,3,1,311,TRUE,Completed,1420,827,02-11-2022,06-02-2025,33.6,0
PRJ1344,Odisha,Cuttack,Railway Corridor,2757.4,1437.6,1319.8,52.1,1,3,230,TRUE,Completed,1004,756,23-12-2023,17-01-2026,41.1,0
PRJ1345,Bihar,Muzaffarpur,Urban Infrastructure,1412.3,927.8,484.5,65.7,3,2,198,TRUE,In Progress,1337,983,24-01-2023,03-10-2025,42.1,0
PRJ1346,Madhya Pradesh,Indore,Railway Corridor,671.1,201.4,469.7,30,4,3,94,FALSE,Completed,1230,1250,11-05-2023,12-10-2026,29.1,0
PRJ1347,Maharashtra,Nagpur,Urban Infrastructure,382.2,52.5,329.7,13.7,2,0,45,FALSE,In Progress,272,1365,24-12-2025,19-09-2029,28.5,0
PRJ1348,Bihar,Muzaffarpur,Highway,2921.5,1361.9,1559.6,46.6,4,0,171,FALSE,Completed,1338,966,23-01-2023,15-09-2025,15.9,0
PRJ1349,Uttar Pradesh,Kanpur,Urban Infrastructure,2721.5,2721.5,0,100,1,0,44,FALSE,In Progress,1376,798,16-12-2022,21-02-2025,13,0
PRJ1350,Madhya Pradesh,Gwalior,Railway Corridor,2175.1,304.4,1870.7,14,0,1,202,TRUE,In Progress,758,945,25-08-2024,28-03-2027,44.8,0
PRJ1351,Assam,Dibrugarh,Railway Corridor,2631.3,722.9,1908.4,27.5,1,0,123,FALSE,Completed,785,1255,29-07-2024,05-01-2028,15.9,0
PRJ1352,Uttar Pradesh,Lucknow,Highway,1946.2,536.5,1409.7,27.6,4,1,200,TRUE,In Progress,751,1022,01-09-2024,20-06-2027,59.3,1
PRJ1353,Bihar,Muzaffarpur,Industrial Corridor,245.9,167.6,78.3,68.2,4,0,156,TRUE,Completed,1122,674,27-08-2023,01-07-2025,34.8,0
PRJ1354,West Bengal,Durgapur,Power Transmission Line,288.1,115.2,172.9,40,2,0,103,FALSE,In Progress,1179,1275,01-07-2023,27-12-2026,16.8,0
PRJ1355,Maharashtra,Nagpur,Industrial Corridor,1388.8,107.3,1281.5,7.7,2,3,189,FALSE,Completed,173,1227,02-04-2026,11-08-2029,27.7,0
PRJ1356,West Bengal,Howrah,Urban Infrastructure,2961.9,1864.2,1097.7,62.9,1,0,143,FALSE,Completed,1226,1242,15-05-2023,08-10-2026,15,0
PRJ1357,Uttar Pradesh,Lucknow,Railway Corridor,1896.7,407.9,1488.8,21.5,2,0,0,TRUE,In Progress,572,1208,27-02-2025,19-06-2028,43.3,0
PRJ1358,Bihar,Patna,Highway,303.4,48,255.4,15.8,3,2,101,TRUE,In Progress,338,708,19-10-2025,27-09-2027,47.5,0
PRJ1359,West Bengal,Kolkata,Highway,153.8,59.9,93.9,39,4,1,211,FALSE,In Progress,1034,1177,23-11-2023,12-02-2027,32.5,0
PRJ1360,Rajasthan,Jaipur,Urban Infrastructure,1133.5,906.6,226.9,80,2,0,0,FALSE,Completed,1313,1203,17-02-2023,04-06-2026,21.8,0
PRJ1361,Maharashtra,Pune,Power Transmission Line,1367.9,265.9,1102,19.4,4,1,75,FALSE,Completed,880,1772,25-04-2024,02-03-2029,31,0
PRJ1362,Madhya Pradesh,Gwalior,Railway Corridor,2916,916.8,1999.2,31.4,3,1,224,FALSE,In Progress,763,917,20-08-2024,23-02-2027,38.6,0
PRJ1363,Madhya Pradesh,Jabalpur,Railway Corridor,1542.1,433.2,1108.9,28.1,1,1,147,TRUE,Completed,383,1182,04-09-2025,29-11-2028,42.5,0
PRJ1364,Madhya Pradesh,Gwalior,Railway Corridor,2500.8,1215.4,1285.4,48.6,3,2,158,FALSE,In Progress,1292,1232,10-03-2023,24-07-2026,33.7,0
PRJ1365,Madhya Pradesh,Indore,Railway Corridor,2473.5,2473.5,0,100,0,0,95,FALSE,Completed,1115,518,03-09-2023,02-02-2025,13.2,0
PRJ1366,Odisha,Cuttack,Industrial Corridor,1763.4,435.1,1328.3,24.7,1,0,147,FALSE,In Progress,661,1559,30-11-2024,08-03-2029,29.3,0
PRJ1367,Maharashtra,Pune,Railway Corridor,2666.5,2026.3,640.2,76,0,0,6,FALSE,Completed,1376,1739,16-12-2022,20-09-2027,7.4,0
PRJ1368,Uttar Pradesh,Varanasi,Power Transmission Line,577.6,88.2,489.4,15.3,0,2,15,FALSE,In Progress,286,1494,10-12-2025,12-01-2030,32.2,0
PRJ1369,Uttar Pradesh,Kanpur,Railway Corridor,382.4,382.4,0,100,3,0,100,FALSE,Pending,1463,440,20-09-2022,04-12-2023,25.2,0
PRJ1370,Uttar Pradesh,Meerut,Highway,992.8,115,877.8,11.6,3,3,281,TRUE,In Progress,1057,1789,31-10-2023,23-09-2028,59.6,1
PRJ1371,Rajasthan,Kota,Irrigation Canal,2959.7,1701,1258.7,57.5,1,0,128,FALSE,In Progress,1125,1181,24-08-2023,17-11-2026,22.1,0
PRJ1372,Odisha,Bhubaneswar,Power Transmission Line,263.5,53,210.5,20.1,6,2,151,TRUE,In Progress,1157,1243,23-07-2023,17-12-2026,54,1
PRJ1373,Madhya Pradesh,Indore,Urban Infrastructure,1766.5,1760.9,5.6,99.7,1,1,145,TRUE,In Progress,1396,454,26-11-2022,23-02-2024,26.4,0
PRJ1374,Madhya Pradesh,Gwalior,Urban Infrastructure,466.3,130.5,335.8,28,1,1,116,FALSE,Completed,727,1345,25-09-2024,01-06-2028,14.7,0
PRJ1375,Uttar Pradesh,Meerut,Highway,1365,581.5,783.5,42.6,4,0,160,FALSE,Pending,1308,1971,22-02-2023,16-07-2028,38,0
PRJ1376,West Bengal,Durgapur,Urban Infrastructure,1436.4,807.7,628.7,56.2,6,1,137,TRUE,Completed,1287,1182,15-03-2023,09-06-2026,29,0
PRJ1377,Uttar Pradesh,Meerut,Railway Corridor,1974.2,402,1572.2,20.4,0,0,125,FALSE,Completed,226,539,08-02-2026,01-08-2027,15,0
PRJ1378,Bihar,Gaya,Highway,1274.9,615,659.9,48.2,0,0,0,FALSE,Completed,968,1923,28-01-2024,04-05-2029,12.5,0
PRJ1379,Bihar,Gaya,Industrial Corridor,2835.1,1361.3,1473.8,48,0,0,47,FALSE,Completed,716,1355,06-10-2024,22-06-2028,17.5,0
PRJ1380,Rajasthan,Udaipur,Railway Corridor,2203.5,524.9,1678.6,23.8,1,1,239,FALSE,Completed,1264,1202,07-04-2023,22-07-2026,11.8,0
PRJ1381,Odisha,Bhubaneswar,Irrigation Canal,630.2,587.2,43,93.2,2,1,267,FALSE,Completed,992,438,04-01-2024,17-03-2025,28.4,0
PRJ1382,Bihar,Gaya,Highway,1562.1,306.8,1255.3,19.6,5,5,157,FALSE,Pending,749,438,03-09-2024,15-11-2025,46.4,0
PRJ1383,Odisha,Bhubaneswar,Industrial Corridor,1502,336.7,1165.3,22.4,0,2,196,FALSE,In Progress,316,495,10-11-2025,20-03-2027,24.3,0
PRJ1384,Madhya Pradesh,Jabalpur,Highway,362.1,90.8,271.3,25.1,2,1,327,TRUE,Completed,1362,1949,30-12-2022,01-05-2028,49.3,0
PRJ1385,Maharashtra,Nashik,Power Transmission Line,1069.9,464.3,605.6,43.4,4,1,173,TRUE,Completed,433,395,16-07-2025,15-08-2026,40.2,0
PRJ1386,Assam,Guwahati,Highway,2769.1,526.8,2242.3,19,2,3,184,FALSE,Completed,454,879,25-06-2025,21-11-2027,34.2,0
PRJ1387,Maharashtra,Nashik,Irrigation Canal,1393.2,393.3,999.9,28.2,3,1,146,FALSE,Completed,1034,1627,23-11-2023,07-05-2028,33.7,0
PRJ1388,Assam,Dibrugarh,Railway Corridor,2182.7,475.4,1707.3,21.8,2,0,178,TRUE,In Progress,604,1663,26-01-2025,16-08-2029,46.7,0
PRJ1389,West Bengal,Howrah,Irrigation Canal,850.6,241.8,608.8,28.4,1,2,209,FALSE,In Progress,1213,1015,28-05-2023,08-03-2026,30.8,0
PRJ1390,Madhya Pradesh,Bhopal,Highway,1016.9,164.4,852.5,16.2,2,1,239,FALSE,In Progress,827,1887,17-06-2024,17-08-2029,43,0
PRJ1391,Maharashtra,Aurangabad,Highway,2065.1,897.9,1167.2,43.5,3,1,244,FALSE,In Progress,1483,1000,31-08-2022,27-05-2025,34.5,0
PRJ1392,Bihar,Patna,Railway Corridor,632.5,153.5,479,24.3,0,0,76,FALSE,In Progress,510,1716,30-04-2025,10-01-2030,21.6,0
PRJ1393,Rajasthan,Jaipur,Irrigation Canal,2804.2,1172.8,1631.4,41.8,3,3,152,TRUE,In Progress,988,976,08-01-2024,10-09-2026,46.3,0
PRJ1394,Uttar Pradesh,Varanasi,Irrigation Canal,2033,2033,0,100,0,2,233,FALSE,In Progress,1410,514,12-11-2022,09-04-2024,17.1,0
PRJ1395,West Bengal,Durgapur,Highway,2457.3,885.7,1571.6,36,0,0,25,FALSE,Completed,196,376,10-03-2026,21-03-2027,6.9,0
PRJ1396,Assam,Guwahati,Power Transmission Line,1037.7,209.7,828,20.2,3,2,155,FALSE,Completed,644,1625,17-12-2024,30-05-2029,29.1,0
PRJ1397,Assam,Dibrugarh,Industrial Corridor,2943.9,452.9,2491,15.4,0,5,160,TRUE,Completed,302,1315,24-11-2025,01-07-2029,43.5,0
PRJ1398,Madhya Pradesh,Jabalpur,Power Transmission Line,1603.9,721,882.9,45,1,0,17,TRUE,Completed,1010,1559,17-12-2023,24-03-2028,18.8,0
PRJ1399,West Bengal,Kolkata,Irrigation Canal,2744,2744,0,100,3,0,119,FALSE,Completed,1236,387,05-05-2023,26-05-2024,18.1,0
PRJ1400,Assam,Dibrugarh,Railway Corridor,368.5,7.4,361.1,2,3,4,416,FALSE,In Progress,85,486,29-06-2026,28-10-2027,55.6,1
PRJ1401,Bihar,Patna,Urban Infrastructure,133.6,47.5,86.1,35.5,0,0,134,TRUE,Completed,546,1049,25-03-2025,07-02-2028,17.4,0
PRJ1402,West Bengal,Howrah,Railway Corridor,2840.1,772.6,2067.5,27.2,0,0,104,TRUE,Completed,842,1528,02-06-2024,08-08-2028,38.7,0
PRJ1403,West Bengal,Asansol,Urban Infrastructure,572.5,134.9,437.6,23.6,1,0,46,FALSE,In Progress,295,569,01-12-2025,23-06-2027,26.6,0
PRJ1404,Madhya Pradesh,Bhopal,Railway Corridor,1667.8,418.7,1249.1,25.1,0,0,22,FALSE,Completed,396,1106,22-08-2025,01-09-2028,12,0
PRJ1405,Madhya Pradesh,Bhopal,Urban Infrastructure,1374.1,1305.7,68.4,95,3,1,151,TRUE,Completed,905,474,31-03-2024,18-07-2025,40.6,0
PRJ1406,Madhya Pradesh,Gwalior,Power Transmission Line,1805.4,563.5,1241.9,31.2,3,0,83,FALSE,Pending,778,1888,05-08-2024,06-10-2029,16.7,0
PRJ1407,Madhya Pradesh,Indore,Power Transmission Line,762.4,656.9,105.5,86.2,0,0,0,FALSE,Completed,1176,1298,04-07-2023,22-01-2027,4.1,0
PRJ1408,Rajasthan,Kota,Railway Corridor,84,57.3,26.7,68.3,1,1,161,TRUE,Pending,1444,768,09-10-2022,15-11-2024,41.1,0
PRJ1409,Assam,Silchar,Urban Infrastructure,2254.6,1919.9,334.7,85.2,0,1,68,FALSE,Completed,1350,1405,11-01-2023,16-11-2026,1.6,0
PRJ1410,Odisha,Bhubaneswar,Power Transmission Line,2888.4,1663.6,1224.8,57.6,2,1,121,TRUE,Completed,698,644,24-10-2024,30-07-2026,27.9,0
PRJ1411,Uttar Pradesh,Kanpur,Power Transmission Line,509.2,509.2,0,100,1,0,74,FALSE,Completed,1405,506,17-11-2022,06-04-2024,1.2,0
PRJ1412,Maharashtra,Aurangabad,Power Transmission Line,460.9,52.8,408.1,11.4,4,3,186,FALSE,In Progress,129,607,16-05-2026,13-01-2028,30.2,0
PRJ1413,Assam,Guwahati,Power Transmission Line,1384.4,53.1,1331.3,3.8,0,2,72,FALSE,Pending,85,1275,29-06-2026,25-12-2029,22.7,0
PRJ1414,West Bengal,Howrah,Industrial Corridor,2869.8,905.1,1964.7,31.5,6,3,209,TRUE,Pending,870,948,05-05-2024,09-12-2026,68.6,1
PRJ1415,Madhya Pradesh,Jabalpur,Highway,1985.6,216.9,1768.7,10.9,2,1,204,TRUE,In Progress,308,928,18-11-2025,03-06-2028,45.3,0
PRJ1416,Maharashtra,Nagpur,Irrigation Canal,972.4,276.7,695.7,28.5,2,3,113,TRUE,In Progress,1144,1711,05-08-2023,11-04-2028,35.5,0
PRJ1417,Uttar Pradesh,Varanasi,Highway,1489.7,1044.5,445.2,70.1,4,1,119,FALSE,In Progress,1211,929,30-05-2023,14-12-2025,24.9,0
PRJ1418,Odisha,Rourkela,Urban Infrastructure,2038.9,144.1,1894.8,7.1,5,2,169,FALSE,Completed,343,1039,14-10-2025,18-08-2028,34.9,0
PRJ1419,Rajasthan,Jodhpur,Railway Corridor,1350.3,276.2,1074.1,20.5,2,3,128,TRUE,Completed,378,1202,09-09-2025,24-12-2028,36.1,0
PRJ1420,Bihar,Muzaffarpur,Railway Corridor,1802.1,578.4,1223.7,32.1,4,1,180,TRUE,Completed,601,468,29-01-2025,12-05-2026,33.5,0
PRJ1421,Uttar Pradesh,Kanpur,Urban Infrastructure,1002.8,24.6,978.2,2.5,4,7,179,TRUE,Pending,376,1000,11-09-2025,07-06-2028,69,1
PRJ1422,Madhya Pradesh,Gwalior,Railway Corridor,888.1,467.1,421,52.6,0,1,94,TRUE,Completed,910,1344,26-03-2024,30-11-2027,23.4,0
PRJ1423,Bihar,Bhagalpur,Highway,491.2,491.2,0,100,0,2,102,FALSE,Completed,768,397,15-08-2024,16-09-2025,14.7,0
PRJ1424,Maharashtra,Nashik,Urban Infrastructure,256.8,163.1,93.7,63.5,2,2,60,TRUE,Completed,1171,939,09-07-2023,02-02-2026,24.6,0
PRJ1425,West Bengal,Durgapur,Power Transmission Line,395.3,30.8,364.5,7.8,3,0,113,FALSE,In Progress,287,1614,09-12-2025,11-05-2030,25,0
PRJ1426,Rajasthan,Jodhpur,Industrial Corridor,1273.8,366.9,906.9,28.8,4,1,71,TRUE,Pending,243,483,22-01-2026,20-05-2027,57.7,1
PRJ1427,West Bengal,Kolkata,Urban Infrastructure,2533.7,162.6,2371.1,6.4,6,2,210,TRUE,Completed,326,1202,31-10-2025,14-02-2029,49.4,0
PRJ1428,Uttar Pradesh,Agra,Highway,2085,661.2,1423.8,31.7,4,1,99,FALSE,Completed,874,1426,01-05-2024,27-03-2028,23,0
PRJ1429,Assam,Silchar,Power Transmission Line,2461.4,2279.1,182.3,92.6,0,0,85,FALSE,Completed,629,650,01-01-2025,13-10-2026,9.4,0
PRJ1430,Assam,Guwahati,Urban Infrastructure,2829.6,618.6,2211,21.9,0,3,178,TRUE,Completed,676,684,15-11-2024,30-09-2026,39.2,0
PRJ1431,West Bengal,Asansol,Industrial Corridor,1359.2,1056.5,302.7,77.7,1,1,105,TRUE,Completed,1471,1008,12-09-2022,16-06-2025,29,0
PRJ1432,Odisha,Cuttack,Urban Infrastructure,2401,1197.5,1203.5,49.9,2,1,232,TRUE,In Progress,1481,1275,02-09-2022,28-02-2026,33.9,0
PRJ1433,Maharashtra,Thane,Power Transmission Line,1001.9,308.7,693.2,30.8,3,4,252,TRUE,Completed,918,814,18-03-2024,10-06-2026,60.7,1
PRJ1434,Madhya Pradesh,Gwalior,Urban Infrastructure,2077.7,41.6,2036.1,2,8,3,236,FALSE,Pending,598,1285,01-02-2025,09-08-2028,64.4,1
PRJ1435,Rajasthan,Jaipur,Highway,1236.8,87.2,1149.6,7,3,3,115,FALSE,In Progress,222,1237,12-02-2026,03-07-2029,39.2,0
PRJ1436,Odisha,Cuttack,Urban Infrastructure,2991.1,2417.5,573.6,80.8,3,2,103,TRUE,Completed,1465,784,18-09-2022,10-11-2024,30.4,0
PRJ1437,Rajasthan,Kota,Industrial Corridor,2975.5,1401.5,1574,47.1,2,2,110,FALSE,Pending,1229,1577,12-05-2023,05-09-2027,36.4,0
PRJ1438,Rajasthan,Jaipur,Industrial Corridor,140,15.3,124.7,10.9,6,2,220,FALSE,Completed,259,1017,06-01-2026,19-10-2028,42.3,0
PRJ1439,Odisha,Cuttack,Power Transmission Line,1489.2,50.8,1438.4,3.4,5,2,267,TRUE,Pending,380,1537,07-09-2025,22-11-2029,82.9,1
PRJ1440,Bihar,Bhagalpur,Highway,1890.5,552.7,1337.8,29.2,2,5,79,FALSE,Completed,830,1492,14-06-2024,15-07-2028,34.9,0
PRJ1441,Bihar,Gaya,Railway Corridor,2390.2,109.6,2280.6,4.6,1,3,289,FALSE,Pending,326,1402,31-10-2025,02-09-2029,37.4,0
PRJ1442,West Bengal,Howrah,Power Transmission Line,988.9,556.3,432.6,56.3,0,0,60,FALSE,Completed,830,934,14-06-2024,04-01-2027,6.6,0
PRJ1443,Odisha,Cuttack,Irrigation Canal,1884.4,43.3,1841.1,2.3,1,1,247,FALSE,Completed,507,1974,03-05-2025,28-09-2030,43.2,0
PRJ1444,Madhya Pradesh,Gwalior,Industrial Corridor,2537.4,191.2,2346.2,7.5,4,3,263,TRUE,Completed,859,1666,16-05-2024,07-12-2028,54.7,1
PRJ1445,Bihar,Bhagalpur,Irrigation Canal,1021.8,936.6,85.2,91.7,0,1,138,FALSE,Completed,1342,992,19-01-2023,07-10-2025,6.2,0
PRJ1446,Maharashtra,Nashik,Irrigation Canal,2284.5,334.8,1949.7,14.7,2,2,180,TRUE,Completed,829,1726,15-06-2024,07-03-2029,32.5,0
PRJ1447,Assam,Silchar,Industrial Corridor,688.1,435.2,252.9,63.2,1,2,188,FALSE,In Progress,1438,885,15-10-2022,18-03-2025,20.4,0
PRJ1448,Odisha,Bhubaneswar,Urban Infrastructure,2172.4,780.1,1392.3,35.9,1,2,200,FALSE,In Progress,641,727,20-12-2024,17-12-2026,35.3,0
PRJ1449,Rajasthan,Udaipur,Railway Corridor,1742.3,276.6,1465.7,15.9,1,0,3,FALSE,Completed,318,1616,08-11-2025,12-04-2030,22.7,0
PRJ1450,Rajasthan,Jaipur,Irrigation Canal,842.7,842.7,0,100,1,2,85,FALSE,Pending,725,486,27-09-2024,26-01-2026,11.6,0
PRJ1451,Bihar,Muzaffarpur,Railway Corridor,1046.2,35.8,1010.4,3.4,2,3,194,FALSE,In Progress,143,1997,02-05-2026,20-10-2031,54.1,1
PRJ1452,Uttar Pradesh,Lucknow,Power Transmission Line,1218.9,684.8,534.1,56.2,0,0,169,FALSE,In Progress,331,550,26-10-2025,29-04-2027,21.8,0
PRJ1453,West Bengal,Asansol,Industrial Corridor,254.7,21.6,233.1,8.5,3,2,186,TRUE,Completed,316,1977,10-11-2025,10-04-2031,48,0
PRJ1454,Assam,Dibrugarh,Industrial Corridor,2643.4,144.1,2499.3,5.5,2,2,109,FALSE,In Progress,319,1740,07-11-2025,13-08-2030,35.7,0
PRJ1455,Assam,Dibrugarh,Highway,1251.2,363.5,887.7,29,0,1,41,TRUE,In Progress,440,1227,09-07-2025,17-11-2028,29.6,0
PRJ1456,West Bengal,Asansol,Railway Corridor,1769.8,35.4,1734.4,2,4,1,49,FALSE,Completed,61,1534,23-07-2026,04-10-2030,21.5,0
PRJ1457,Maharashtra,Aurangabad,Power Transmission Line,181.5,4.7,176.8,2.6,1,2,174,TRUE,In Progress,88,1567,26-06-2026,10-10-2030,55.4,1
PRJ1458,Madhya Pradesh,Bhopal,Highway,2160.9,315.5,1845.4,14.6,2,3,234,FALSE,In Progress,290,377,06-12-2025,18-12-2026,34.7,0
PRJ1459,Rajasthan,Udaipur,Highway,58,8.5,49.5,14.6,0,0,21,FALSE,Completed,166,1124,09-04-2026,07-05-2029,24.5,0
PRJ1460,Bihar,Gaya,Urban Infrastructure,1692.7,476.4,1216.3,28.1,2,2,249,TRUE,In Progress,1097,1230,21-09-2023,02-02-2027,59.4,1
PRJ1461,Maharashtra,Thane,Industrial Corridor,2900,211.7,2688.3,7.3,5,1,223,FALSE,In Progress,162,478,13-04-2026,04-08-2027,39,0
PRJ1462,Assam,Silchar,Industrial Corridor,1433.7,61.8,1371.9,4.3,3,4,293,FALSE,In Progress,164,1494,11-04-2026,14-05-2030,47.7,0
PRJ1463,Rajasthan,Udaipur,Industrial Corridor,81.5,47.3,34.2,58,1,0,18,FALSE,Completed,423,621,26-07-2025,08-04-2027,19.4,0
PRJ1464,Odisha,Cuttack,Irrigation Canal,476.3,9.5,466.8,2,4,1,76,TRUE,In Progress,87,1628,27-06-2026,11-12-2030,49.4,0
PRJ1465,Maharashtra,Thane,Highway,2333.1,449.1,1884,19.3,3,5,169,TRUE,In Progress,616,905,14-01-2025,08-07-2027,56.8,1
PRJ1466,Rajasthan,Jaipur,Irrigation Canal,2983.9,256.5,2727.4,8.6,7,2,275,TRUE,Pending,749,1508,03-09-2024,20-10-2028,54.5,1
PRJ1467,Assam,Dibrugarh,Power Transmission Line,626.9,332.1,294.8,53,1,1,178,FALSE,In Progress,618,626,12-01-2025,30-09-2026,29,0
PRJ1468,Odisha,Cuttack,Industrial Corridor,252.8,22.1,230.7,8.7,5,4,259,TRUE,Completed,1130,1234,19-08-2023,04-01-2027,65.2,1
PRJ1469,Uttar Pradesh,Agra,Industrial Corridor,2161.1,103.9,2057.2,4.8,3,2,219,TRUE,Completed,304,1539,22-11-2025,08-02-2030,22.9,0
PRJ1470,West Bengal,Howrah,Railway Corridor,2348.2,1088.8,1259.4,46.4,2,2,149,FALSE,In Progress,955,1011,10-02-2024,17-11-2026,37,0
PRJ1471,Rajasthan,Kota,Industrial Corridor,2563.1,67.6,2495.5,2.6,1,2,346,TRUE,Completed,409,1986,09-08-2025,16-01-2031,48.4,0
PRJ1472,Uttar Pradesh,Agra,Highway,55.7,14,41.7,25.1,1,2,133,TRUE,In Progress,828,1206,16-06-2024,05-10-2027,49.8,0
PRJ1473,Madhya Pradesh,Bhopal,Industrial Corridor,1865.4,109,1756.4,5.8,2,0,95,TRUE,In Progress,81,797,03-07-2026,07-09-2028,43.4,0
PRJ1474,Rajasthan,Kota,Highway,2805.4,653.3,2152.1,23.3,4,1,168,TRUE,Completed,1324,1615,06-02-2023,10-07-2027,43,0
PRJ1475,Maharashtra,Aurangabad,Railway Corridor,1091.4,1091.4,0,100,3,2,171,FALSE,In Progress,1487,845,27-08-2022,19-12-2024,15.1,0
PRJ1476,Madhya Pradesh,Gwalior,Highway,2454.9,930.2,1524.7,37.9,6,0,74,FALSE,In Progress,1018,1964,09-12-2023,25-04-2029,22.5,0
PRJ1477,West Bengal,Howrah,Power Transmission Line,632.6,593.7,38.9,93.8,1,0,119,FALSE,Completed,874,962,01-05-2024,19-12-2026,1,0
PRJ1478,Odisha,Rourkela,Power Transmission Line,2679.3,1279.2,1400.1,47.7,4,3,203,TRUE,In Progress,1380,1005,12-12-2022,12-09-2025,48.6,0
PRJ1479,Rajasthan,Kota,Urban Infrastructure,139.7,60.9,78.8,43.6,2,0,97,FALSE,In Progress,931,1369,05-03-2024,04-12-2027,19.5,0
PRJ1480,Bihar,Bhagalpur,Industrial Corridor,1959.1,488.9,1470.2,25,6,2,70,FALSE,In Progress,879,1882,26-04-2024,21-06-2029,35.9,0
PRJ1481,Maharashtra,Aurangabad,Railway Corridor,540.3,191.3,349,35.4,0,0,16,FALSE,Completed,874,1534,01-05-2024,13-07-2028,31.1,0
PRJ1482,West Bengal,Howrah,Power Transmission Line,1043.5,582.3,461.2,55.8,2,1,116,FALSE,Completed,1432,1359,21-10-2022,11-07-2026,10.5,0
PRJ1483,Assam,Dibrugarh,Urban Infrastructure,284.9,86.5,198.4,30.3,1,2,190,TRUE,Pending,1141,1891,08-08-2023,11-10-2028,57,1
PRJ1484,Rajasthan,Jaipur,Irrigation Canal,2300.7,46.5,2254.2,2,2,0,120,TRUE,Completed,101,1851,13-06-2026,08-07-2031,37.2,0
PRJ1485,Maharashtra,Nashik,Highway,873.3,227.5,645.8,26.1,8,1,301,TRUE,Completed,589,406,10-02-2025,23-03-2026,42.9,0
PRJ1486,Uttar Pradesh,Agra,Industrial Corridor,2113.7,858.6,1255.1,40.6,2,2,93,TRUE,In Progress,1129,1836,20-08-2023,29-08-2028,40.3,0
PRJ1487,Bihar,Muzaffarpur,Industrial Corridor,1917.4,298.7,1618.7,15.6,4,1,195,TRUE,In Progress,509,934,01-05-2025,21-11-2027,39.7,0
PRJ1488,Uttar Pradesh,Lucknow,Industrial Corridor,546,132,414,24.2,3,1,196,TRUE,Completed,1074,1169,14-10-2023,26-12-2026,35.8,0
PRJ1489,Odisha,Rourkela,Railway Corridor,785.7,76.8,708.9,9.8,5,1,127,TRUE,Completed,231,1426,03-02-2026,30-12-2029,42.2,0
PRJ1490,Rajasthan,Kota,Power Transmission Line,1222.9,288.4,934.5,23.6,4,0,222,FALSE,In Progress,389,743,29-08-2025,11-09-2027,35,0
PRJ1491,Assam,Dibrugarh,Industrial Corridor,1264.1,320.4,943.7,25.3,2,0,86,TRUE,Completed,671,1771,20-11-2024,26-09-2029,31.4,0
PRJ1492,Rajasthan,Kota,Railway Corridor,2054,1545.2,508.8,75.2,0,1,0,FALSE,Completed,967,857,29-01-2024,04-06-2026,5.1,0
PRJ1493,Bihar,Bhagalpur,Power Transmission Line,2958.1,1109.3,1848.8,37.5,4,3,114,FALSE,In Progress,1352,1821,09-01-2023,04-01-2028,35.5,0
PRJ1494,Madhya Pradesh,Bhopal,Power Transmission Line,319.2,164.1,155.1,51.4,1,1,169,FALSE,In Progress,1211,1314,30-05-2023,03-01-2027,30.9,0
PRJ1495,Bihar,Muzaffarpur,Industrial Corridor,857.4,74.3,783.1,8.7,2,7,178,FALSE,Completed,366,808,21-09-2025,08-12-2027,55.7,1
PRJ1496,Bihar,Gaya,Industrial Corridor,173.8,173.8,0,100,0,0,0,FALSE,Completed,1388,1150,04-12-2022,27-01-2026,1,0
PRJ1497,Madhya Pradesh,Gwalior,Railway Corridor,2991.2,1696.9,1294.3,56.7,3,0,208,FALSE,Pending,890,943,15-04-2024,14-11-2026,33,0
PRJ1498,Madhya Pradesh,Indore,Urban Infrastructure,2544.6,2544.6,0,100,0,2,83,FALSE,Completed,1466,824,17-09-2022,19-12-2024,8.2,0
PRJ1499,Bihar,Bhagalpur,Railway Corridor,1686.3,918.4,767.9,54.5,2,1,223,FALSE,Completed,853,839,22-05-2024,08-09-2026,11.5,0
PRJ1500,Bihar,Muzaffarpur,Industrial Corridor,2369.8,1117,1252.8,47.1,0,1,33,FALSE,In Progress,685,1163,06-11-2024,13-01-2028,6.6,0
PRJ1501,Madhya Pradesh,Bhopal,Industrial Corridor,365.3,148.6,216.7,40.7,5,0,260,TRUE,In Progress,933,961,03-03-2024,20-10-2026,44.4,0
PRJ1502,Uttar Pradesh,Meerut,Irrigation Canal,1795,284.8,1510.2,15.9,1,2,163,FALSE,Completed,775,1688,08-08-2024,23-03-2029,21.2,0
PRJ1503,Madhya Pradesh,Gwalior,Railway Corridor,2249.2,596,1653.2,26.5,0,0,40,FALSE,Completed,447,1330,02-07-2025,21-02-2029,11.3,0
PRJ1504,Assam,Guwahati,Industrial Corridor,2853.5,615.7,2237.8,21.6,1,2,236,TRUE,Completed,558,1585,13-03-2025,15-07-2029,41,0
PRJ1505,Madhya Pradesh,Bhopal,Industrial Corridor,500.6,500.6,0,100,1,1,174,FALSE,In Progress,1460,800,23-09-2022,01-12-2024,8.2,0
PRJ1506,Bihar,Patna,Urban Infrastructure,1454.1,240.5,1213.6,16.5,6,3,309,FALSE,Completed,1088,1076,30-09-2023,10-09-2026,44.2,0
PRJ1507,Madhya Pradesh,Jabalpur,Irrigation Canal,2877.8,84.1,2793.7,2.9,0,1,171,FALSE,Completed,96,1667,18-06-2026,10-01-2031,28,0
PRJ1508,Bihar,Gaya,Irrigation Canal,541.3,242.3,299,44.8,0,0,33,FALSE,Completed,712,1203,10-10-2024,26-01-2028,18.9,0
PRJ1509,Odisha,Rourkela,Highway,1690.4,554.8,1135.6,32.8,1,1,173,FALSE,Completed,654,1614,07-12-2024,09-05-2029,24.2,0
PRJ1510,Madhya Pradesh,Jabalpur,Power Transmission Line,2609.3,337.8,2271.5,12.9,2,0,117,FALSE,In Progress,155,644,20-04-2026,24-01-2028,32.3,0
PRJ1511,Maharashtra,Nashik,Power Transmission Line,2603,806.4,1796.6,31,4,3,220,FALSE,Pending,910,1395,26-03-2024,20-01-2028,49,0
PRJ1512,Rajasthan,Jodhpur,Industrial Corridor,2722.6,572.8,2149.8,21,3,2,259,TRUE,Completed,1298,1509,04-03-2023,21-04-2027,55.4,1
PRJ1513,Madhya Pradesh,Gwalior,Railway Corridor,217.3,8.4,208.9,3.9,4,3,258,FALSE,In Progress,365,1854,22-09-2025,20-10-2030,50.6,1
PRJ1514,Bihar,Bhagalpur,Urban Infrastructure,907.7,772.9,134.8,85.1,2,1,71,FALSE,Completed,1441,1090,12-10-2022,06-10-2025,15.9,0
PRJ1515,Uttar Pradesh,Meerut,Irrigation Canal,1737,37.5,1699.5,2.2,6,4,63,FALSE,In Progress,129,1807,16-05-2026,27-04-2031,57.9,1
PRJ1516,West Bengal,Durgapur,Highway,1971.9,1969.1,2.8,99.9,2,1,260,FALSE,Pending,920,389,16-03-2024,09-04-2025,22.2,0
PRJ1517,Odisha,Cuttack,Highway,1346.4,1011.7,334.7,75.1,0,1,59,FALSE,Completed,1107,971,11-09-2023,09-05-2026,10.1,0
PRJ1518,Maharashtra,Nashik,Highway,827.8,142.6,685.2,17.2,1,1,88,FALSE,Completed,568,1918,03-03-2025,03-06-2030,24.6,0
PRJ1519,Assam,Dibrugarh,Urban Infrastructure,1020.8,147.9,872.9,14.5,3,1,113,FALSE,In Progress,268,1169,28-12-2025,11-03-2029,35.1,0
PRJ1520,Bihar,Bhagalpur,Highway,725.5,95,630.5,13.1,1,1,142,TRUE,In Progress,323,1592,03-11-2025,14-03-2030,43.5,0
PRJ1521,West Bengal,Kolkata,Power Transmission Line,794,257.1,536.9,32.4,2,1,114,FALSE,Completed,1021,1683,06-12-2023,15-07-2028,19.5,0
PRJ1522,Maharashtra,Thane,Irrigation Canal,986.8,411.8,575,41.7,4,1,93,TRUE,In Progress,988,1036,08-01-2024,09-11-2026,48.7,0
PRJ1523,Bihar,Gaya,Railway Corridor,238.5,218.3,20.2,91.5,1,0,64,FALSE,In Progress,1019,585,08-12-2023,15-07-2025,14.1,0
PRJ1524,Madhya Pradesh,Indore,Highway,2107.5,841.1,1266.4,39.9,2,1,209,FALSE,Pending,997,1142,30-12-2023,14-02-2027,35.2,0
PRJ1525,Uttar Pradesh,Kanpur,Highway,910.2,238.4,671.8,26.2,2,1,220,TRUE,In Progress,932,1917,04-03-2024,03-06-2029,49.4,0
PRJ1526,Uttar Pradesh,Lucknow,Railway Corridor,303.1,68.8,234.3,22.7,5,1,204,TRUE,In Progress,924,1204,12-03-2024,29-06-2027,55.9,1
PRJ1527,Bihar,Bhagalpur,Industrial Corridor,741.6,47.5,694.1,6.4,5,6,267,FALSE,Completed,319,1073,07-11-2025,15-10-2028,41.8,0
PRJ1528,Uttar Pradesh,Kanpur,Irrigation Canal,276.3,109.3,167,39.5,2,0,41,FALSE,Completed,890,1792,15-04-2024,12-03-2029,20.6,0
PRJ1529,Assam,Silchar,Irrigation Canal,1291.5,52.3,1239.2,4.1,1,4,34,FALSE,Completed,106,1911,08-06-2026,01-09-2031,24.5,0
PRJ1530,West Bengal,Howrah,Railway Corridor,1693.3,563.9,1129.4,33.3,3,2,250,TRUE,In Progress,1125,1097,24-08-2023,25-08-2026,48.9,0
PRJ1531,Madhya Pradesh,Gwalior,Industrial Corridor,2127.6,2127.6,0,100,1,1,0,FALSE,Completed,1052,651,05-11-2023,17-08-2025,7.5,0
PRJ1532,Assam,Silchar,Irrigation Canal,2111,911.3,1199.7,43.2,1,0,47,FALSE,In Progress,574,1203,25-02-2025,12-06-2028,22.7,0
PRJ1533,Maharashtra,Pune,Railway Corridor,2588.9,405.2,2183.7,15.7,3,1,233,TRUE,In Progress,764,677,19-08-2024,27-06-2026,58.6,1
PRJ1534,Maharashtra,Aurangabad,Industrial Corridor,2406.4,197.1,2209.3,8.2,6,0,88,TRUE,Completed,252,1435,13-01-2026,18-12-2029,32,0
PRJ1535,Assam,Dibrugarh,Railway Corridor,1375.6,232.2,1143.4,16.9,3,2,166,FALSE,In Progress,1451,1940,02-10-2022,24-01-2028,31.2,0
PRJ1536,Assam,Dibrugarh,Industrial Corridor,1666,383,1283,23,4,1,276,FALSE,In Progress,737,710,15-09-2024,26-08-2026,45.3,0
PRJ1537,Odisha,Cuttack,Power Transmission Line,2207.5,598.9,1608.6,27.1,2,1,85,TRUE,In Progress,880,1798,25-04-2024,28-03-2029,45.8,0
PRJ1538,Odisha,Bhubaneswar,Power Transmission Line,388.7,52.5,336.2,13.5,7,3,229,TRUE,In Progress,235,555,30-01-2026,08-08-2027,54,1
PRJ1539,Rajasthan,Jaipur,Highway,1434.4,590.4,844,41.2,1,0,53,FALSE,Completed,1014,1463,13-12-2023,15-12-2027,20.3,0
PRJ1540,Assam,Dibrugarh,Industrial Corridor,85.1,1.7,83.4,2,4,3,218,TRUE,In Progress,347,1401,10-10-2025,11-08-2029,52.3,1
PRJ1541,Maharashtra,Nashik,Urban Infrastructure,2760.8,957.7,1803.1,34.7,0,1,233,FALSE,Completed,797,1380,17-07-2024,27-04-2028,24.5,0
PRJ1542,Uttar Pradesh,Kanpur,Urban Infrastructure,73.8,3,70.8,4,2,2,277,TRUE,In Progress,206,1171,28-02-2026,14-05-2029,53.3,1
PRJ1543,Assam,Dibrugarh,Railway Corridor,2122.7,2122.7,0,100,1,1,65,FALSE,Completed,1318,644,12-02-2023,17-11-2024,13.6,0
PRJ1544,Bihar,Patna,Power Transmission Line,986.2,293.3,692.9,29.7,3,3,147,FALSE,In Progress,546,775,25-03-2025,09-05-2027,35.3,0
PRJ1545,Madhya Pradesh,Jabalpur,Power Transmission Line,653.2,42.7,610.5,6.5,2,1,241,FALSE,Completed,413,1944,05-08-2025,01-12-2030,32.9,0
PRJ1546,Odisha,Cuttack,Railway Corridor,2844.5,633.9,2210.6,22.3,0,0,54,TRUE,In Progress,368,1072,19-09-2025,26-08-2028,33.7,0
PRJ1547,Maharashtra,Nagpur,Irrigation Canal,118.2,74.4,43.8,62.9,1,3,0,FALSE,In Progress,893,744,12-04-2024,26-04-2026,17.4,0
PRJ1548,Uttar Pradesh,Kanpur,Railway Corridor,1925.1,901.9,1023.2,46.8,1,1,0,TRUE,In Progress,1129,1864,20-08-2023,26-09-2028,35.6,0
PRJ1549,Madhya Pradesh,Indore,Industrial Corridor,2412.3,58.1,2354.2,2.4,5,0,232,FALSE,Completed,113,955,01-06-2026,11-01-2029,30.6,0
PRJ1550,Bihar,Gaya,Irrigation Canal,770.1,40.7,729.4,5.3,8,1,337,FALSE,In Progress,466,1152,13-06-2025,08-08-2028,46.9,0
PRJ1551,Madhya Pradesh,Indore,Railway Corridor,82.3,24.5,57.8,29.8,0,2,0,FALSE,In Progress,666,1737,25-11-2024,28-08-2029,24.7,0
PRJ1552,West Bengal,Durgapur,Urban Infrastructure,2675.4,95.5,2579.9,3.6,4,2,170,TRUE,In Progress,174,1337,01-04-2026,28-11-2029,60.6,1
PRJ1553,Bihar,Bhagalpur,Power Transmission Line,1452.1,732.6,719.5,50.4,2,3,0,FALSE,Completed,1257,1830,14-04-2023,17-04-2028,21.7,0
PRJ1554,Bihar,Muzaffarpur,Power Transmission Line,2487.8,998.6,1489.2,40.1,2,2,33,FALSE,Completed,1401,1482,21-11-2022,12-12-2026,24.5,0
PRJ1555,Maharashtra,Nashik,Railway Corridor,2498.4,590.7,1907.7,23.6,4,1,116,FALSE,In Progress,419,1302,30-07-2025,21-02-2029,27.6,0
PRJ1556,Maharashtra,Thane,Power Transmission Line,916.3,393,523.3,42.9,0,0,109,FALSE,Completed,842,1739,02-06-2024,07-03-2029,11.1,0
PRJ1557,Uttar Pradesh,Kanpur,Highway,1533.2,210.7,1322.5,13.7,6,3,221,FALSE,Completed,197,560,09-03-2026,20-09-2027,29.6,0
PRJ1558,West Bengal,Asansol,Irrigation Canal,2561.7,489.5,2072.2,19.1,4,3,245,FALSE,In Progress,873,1772,02-05-2024,09-03-2029,46.8,0
PRJ1559,Odisha,Rourkela,Power Transmission Line,1271.5,191,1080.5,15,1,1,48,FALSE,Completed,472,1642,07-06-2025,05-12-2029,27.6,0
PRJ1560,Uttar Pradesh,Agra,Railway Corridor,1737.1,561.2,1175.9,32.3,0,1,0,FALSE,Completed,820,1936,24-06-2024,12-10-2029,6.4,0
PRJ1561,Assam,Guwahati,Power Transmission Line,2624.7,2624.7,0,100,7,1,261,TRUE,Completed,1456,405,27-09-2022,06-11-2023,35.3,0
PRJ1562,Odisha,Cuttack,Urban Infrastructure,1225.3,140.5,1084.8,11.5,6,2,279,TRUE,Pending,1059,1620,29-10-2023,05-04-2028,60.6,1
PRJ1563,Uttar Pradesh,Varanasi,Urban Infrastructure,845.2,402.2,443,47.6,3,0,133,FALSE,Pending,595,853,04-02-2025,07-06-2027,37,0
PRJ1564,West Bengal,Asansol,Irrigation Canal,2745.7,2745.7,0,100,0,3,0,TRUE,In Progress,584,496,15-02-2025,26-06-2026,25.3,0
PRJ1565,Assam,Guwahati,Urban Infrastructure,850,50.9,799.1,6,3,3,234,FALSE,Completed,249,1175,16-01-2026,05-04-2029,36.4,0
PRJ1566,Assam,Silchar,Urban Infrastructure,1926.3,659.4,1266.9,34.2,0,0,0,TRUE,In Progress,423,874,26-07-2025,17-12-2027,22.6,0
PRJ1567,West Bengal,Asansol,Irrigation Canal,226.8,137.7,89.1,60.7,0,1,130,FALSE,Completed,1325,1727,05-02-2023,29-10-2027,15.5,0
PRJ1568,Assam,Silchar,Industrial Corridor,1342.1,554.3,787.8,41.3,1,3,208,FALSE,Pending,1369,1197,23-12-2022,03-04-2026,20.5,0
PRJ1569,Rajasthan,Udaipur,Power Transmission Line,2612.1,331.9,2280.2,12.7,6,2,240,TRUE,In Progress,1464,1516,19-09-2022,13-11-2026,51.1,1
PRJ1570,West Bengal,Asansol,Industrial Corridor,2616.8,102.1,2514.7,3.9,0,4,217,TRUE,Completed,583,975,16-02-2025,19-10-2027,47.3,0
PRJ1571,Madhya Pradesh,Indore,Power Transmission Line,2191.6,743.3,1448.3,33.9,2,3,105,FALSE,Pending,297,433,29-11-2025,05-02-2027,44.2,0
PRJ1572,Maharashtra,Nagpur,Railway Corridor,2762.6,72.6,2690,2.6,1,0,268,FALSE,Pending,150,1841,25-04-2026,10-05-2031,40.9,0
PRJ1573,Rajasthan,Jaipur,Power Transmission Line,2285.1,259.2,2025.9,11.3,3,3,306,FALSE,In Progress,537,1385,03-04-2025,17-01-2029,53.9,1
PRJ1574,Madhya Pradesh,Jabalpur,Highway,2665,446.1,2218.9,16.7,0,1,163,FALSE,In Progress,564,1091,07-03-2025,02-03-2028,32.3,0
PRJ1575,Uttar Pradesh,Lucknow,Power Transmission Line,922.6,212,710.6,23,6,0,222,TRUE,Pending,1377,1982,15-12-2022,19-05-2028,62.2,1
PRJ1576,Odisha,Rourkela,Industrial Corridor,766.5,272.1,494.4,35.5,2,2,261,FALSE,In Progress,693,985,29-10-2024,11-07-2027,34.9,0
PRJ1577,Maharashtra,Nagpur,Power Transmission Line,325.6,53.4,272.2,16.4,5,2,210,FALSE,Pending,1036,1924,21-11-2023,26-02-2029,45.6,0
PRJ1578,Maharashtra,Aurangabad,Irrigation Canal,515.6,418.4,97.2,81.1,1,1,120,FALSE,Completed,1271,1069,31-03-2023,04-03-2026,3.4,0
PRJ1579,Uttar Pradesh,Agra,Industrial Corridor,1430.2,66.7,1363.5,4.7,1,1,198,FALSE,Completed,284,1934,12-12-2025,30-03-2031,23.1,0
PRJ1580,Odisha,Rourkela,Urban Infrastructure,2627.3,2244.4,382.9,85.4,0,0,129,FALSE,Completed,1312,1099,18-02-2023,21-02-2026,17.3,0
PRJ1581,Bihar,Patna,Urban Infrastructure,2472.4,2472.4,0,100,3,3,232,TRUE,Completed,1062,777,26-10-2023,11-12-2025,34.7,0
PRJ1582,Odisha,Bhubaneswar,Industrial Corridor,1654.5,300.5,1354,18.2,3,3,207,FALSE,Completed,459,904,20-06-2025,11-12-2027,33.5,0
PRJ1583,Maharashtra,Aurangabad,Highway,1553.7,1553.7,0,100,2,0,92,FALSE,In Progress,1460,476,23-09-2022,12-01-2024,24,0
PRJ1584,Assam,Silchar,Highway,1242.7,442.8,799.9,35.6,3,1,228,FALSE,In Progress,850,811,25-05-2024,14-08-2026,22.2,0
PRJ1585,West Bengal,Howrah,Irrigation Canal,1868.6,109.7,1758.9,5.9,2,3,102,FALSE,Completed,219,1546,15-02-2026,11-05-2030,38.2,0
PRJ1586,Assam,Dibrugarh,Highway,747.6,747.6,0,100,1,1,69,FALSE,In Progress,893,703,12-04-2024,16-03-2026,1,0
PRJ1587,Rajasthan,Kota,Highway,858.8,200.9,657.9,23.4,3,0,187,TRUE,Completed,246,776,19-01-2026,05-03-2028,36.1,0
PRJ1588,West Bengal,Durgapur,Urban Infrastructure,1808.6,259.8,1548.8,14.4,2,1,139,FALSE,Completed,585,1802,14-02-2025,21-01-2030,29.8,0
PRJ1589,Odisha,Bhubaneswar,Railway Corridor,591.5,48.4,543.1,8.2,7,1,253,FALSE,In Progress,312,1441,14-11-2025,25-10-2029,44.9,0
PRJ1590,Uttar Pradesh,Agra,Highway,1765,75.3,1689.7,4.3,6,1,281,FALSE,Completed,178,1264,28-03-2026,12-09-2029,38.4,0
PRJ1591,Madhya Pradesh,Bhopal,Highway,568.6,22.9,545.7,4,3,1,118,FALSE,In Progress,178,1373,28-03-2026,30-12-2029,37.5,0
PRJ1592,Assam,Guwahati,Irrigation Canal,2346.7,1374.9,971.8,58.6,6,0,174,TRUE,In Progress,939,559,26-02-2024,07-09-2025,52.4,1
PRJ1593,Maharashtra,Pune,Power Transmission Line,2884.2,1891.8,992.4,65.6,3,1,232,TRUE,Completed,1338,1025,23-01-2023,13-11-2025,38.4,0
PRJ1594,Odisha,Cuttack,Railway Corridor,806.4,74.5,731.9,9.2,6,2,246,FALSE,In Progress,511,1483,29-04-2025,21-05-2029,55.9,1
PRJ1595,Bihar,Muzaffarpur,Power Transmission Line,1408.3,1344.5,63.8,95.5,1,0,174,FALSE,Completed,1057,692,31-10-2023,22-09-2025,1.3,0
PRJ1596,Odisha,Bhubaneswar,Irrigation Canal,2838.8,114.3,2724.5,4,6,4,169,TRUE,In Progress,273,1691,23-12-2025,10-08-2030,55,1
PRJ1597,Assam,Silchar,Power Transmission Line,2556,756.1,1799.9,29.6,4,1,197,FALSE,Completed,1246,1801,25-04-2023,30-03-2028,16.7,0
PRJ1598,Uttar Pradesh,Kanpur,Irrigation Canal,2825.1,2825.1,0,100,1,1,138,FALSE,Completed,1498,482,16-08-2022,11-12-2023,20.2,0
PRJ1599,West Bengal,Durgapur,Irrigation Canal,405.2,174.9,230.3,43.2,1,0,105,FALSE,In Progress,1069,1894,19-10-2023,25-12-2028,26.4,0
PRJ1600,Odisha,Rourkela,Urban Infrastructure,2505.1,2424.8,80.3,96.8,1,1,0,FALSE,Completed,1259,1369,12-04-2023,10-01-2027,3.4,0
PRJ1601,Uttar Pradesh,Lucknow,Railway Corridor,1751.2,1274.1,477.1,72.8,1,0,2,FALSE,In Progress,1456,1879,27-09-2022,19-11-2027,11.1,0
PRJ1602,Assam,Dibrugarh,Irrigation Canal,923,579.9,343.1,62.8,4,2,70,TRUE,In Progress,1288,724,14-03-2023,07-03-2025,35.5,0
PRJ1603,Odisha,Rourkela,Urban Infrastructure,1210.6,1210.6,0,100,1,5,76,FALSE,In Progress,1437,694,16-10-2022,09-09-2024,33.1,0
PRJ1604,Odisha,Rourkela,Urban Infrastructure,847.8,287.7,560.1,33.9,0,3,171,TRUE,Pending,1253,1968,18-04-2023,06-09-2028,49.9,0
PRJ1605,Rajasthan,Udaipur,Highway,616.1,36.7,579.4,6,4,0,223,TRUE,Completed,205,1355,01-03-2026,15-11-2029,44.1,0
PRJ1606,Odisha,Rourkela,Industrial Corridor,2214,2214,0,100,3,3,73,FALSE,Completed,1356,578,05-01-2023,05-08-2024,12.7,0
PRJ1607,Odisha,Rourkela,Power Transmission Line,1067.4,395.4,672,37,0,0,53,FALSE,In Progress,371,795,16-09-2025,20-11-2027,23.3,0
PRJ1608,Maharashtra,Thane,Railway Corridor,1895.4,608.1,1287.3,32.1,4,0,12,FALSE,In Progress,922,1895,14-03-2024,22-05-2029,23.7,0
PRJ1609,Rajasthan,Kota,Urban Infrastructure,872.2,152.7,719.5,17.5,1,3,142,FALSE,Completed,576,1860,23-02-2025,29-03-2030,27.9,0
PRJ1610,Bihar,Bhagalpur,Power Transmission Line,871.5,366.8,504.7,42.1,0,1,37,FALSE,Completed,288,450,08-12-2025,03-03-2027,10,0
PRJ1611,West Bengal,Asansol,Railway Corridor,1214.1,603.8,610.3,49.7,2,2,7,FALSE,In Progress,1003,1093,24-12-2023,21-12-2026,27.3,0
PRJ1612,Maharashtra,Pune,Power Transmission Line,1828.7,397.1,1431.6,21.7,3,1,146,FALSE,Pending,423,976,26-07-2025,28-03-2028,48.1,0
PRJ1613,Assam,Silchar,Urban Infrastructure,2215.5,130.1,2085.4,5.9,3,1,197,FALSE,In Progress,262,1798,03-01-2026,06-12-2030,35.3,0
PRJ1614,Rajasthan,Kota,Urban Infrastructure,983.8,860.8,123,87.5,1,0,38,TRUE,In Progress,942,646,23-02-2024,30-11-2025,25.2,0
PRJ1615,West Bengal,Durgapur,Railway Corridor,2494.2,803.1,1691.1,32.2,1,0,72,FALSE,Completed,907,1874,29-03-2024,16-05-2029,22.4,0
PRJ1616,West Bengal,Kolkata,Railway Corridor,1132.9,849.5,283.4,75,0,0,39,FALSE,In Progress,1214,1553,27-05-2023,27-08-2027,20.1,0
PRJ1617,West Bengal,Asansol,Railway Corridor,1009.9,334.2,675.7,33.1,1,0,148,FALSE,Completed,577,1538,22-02-2025,10-05-2029,15.2,0
PRJ1618,Bihar,Patna,Railway Corridor,635.3,219,416.3,34.5,1,0,168,TRUE,Completed,1055,1501,02-11-2023,12-12-2027,34.1,0
PRJ1619,West Bengal,Kolkata,Urban Infrastructure,2385.1,701.6,1683.5,29.4,3,1,140,TRUE,Completed,753,1340,30-08-2024,01-05-2028,41.8,0
PRJ1620,Maharashtra,Aurangabad,Highway,1546.4,82.4,1464,5.3,2,3,185,TRUE,Pending,172,1387,03-04-2026,19-01-2030,68.9,1
PRJ1621,Madhya Pradesh,Jabalpur,Industrial Corridor,2760.6,599.8,2160.8,21.7,3,3,117,TRUE,Pending,819,911,25-06-2024,23-12-2026,57.2,1
PRJ1622,Assam,Silchar,Irrigation Canal,396,366.8,29.2,92.6,1,2,200,FALSE,Completed,861,645,14-05-2024,18-02-2026,15,0
PRJ1623,Bihar,Muzaffarpur,Power Transmission Line,1888.6,372.3,1516.3,19.7,3,0,132,FALSE,In Progress,1010,1211,17-12-2023,11-04-2027,22.2,0
PRJ1624,Rajasthan,Kota,Industrial Corridor,1304.7,488.7,816,37.5,1,1,72,FALSE,In Progress,898,1459,07-04-2024,05-04-2028,27.2,0
PRJ1625,Odisha,Bhubaneswar,Railway Corridor,1236.7,195.7,1041,15.8,8,0,209,FALSE,Pending,1199,1269,11-06-2023,01-12-2026,42.3,0
PRJ1626,Madhya Pradesh,Indore,Irrigation Canal,1884.1,1884.1,0,100,2,0,132,FALSE,Completed,928,416,08-03-2024,28-04-2025,13.8,0
PRJ1627,Madhya Pradesh,Gwalior,Highway,1291.2,159.9,1131.3,12.4,0,2,180,FALSE,In Progress,402,1187,16-08-2025,15-11-2028,21.7,0
PRJ1628,Rajasthan,Kota,Industrial Corridor,1917.1,528.7,1388.4,27.6,3,2,266,TRUE,Completed,1180,1253,30-06-2023,04-12-2026,43.5,0
PRJ1629,Rajasthan,Udaipur,Highway,1181.4,323.2,858.2,27.4,0,1,152,TRUE,In Progress,1471,1943,12-09-2022,07-01-2028,43.7,0
PRJ1630,Odisha,Bhubaneswar,Power Transmission Line,2547.6,1317.1,1230.5,51.7,3,4,78,FALSE,Completed,1038,790,19-11-2023,17-01-2026,23.4,0
PRJ1631,Assam,Guwahati,Highway,175,82.9,92.1,47.4,7,4,221,TRUE,Completed,1242,815,29-04-2023,22-07-2025,49,0
PRJ1632,Assam,Guwahati,Industrial Corridor,2137,575.9,1561.1,26.9,4,2,102,TRUE,Completed,1293,1808,09-03-2023,19-02-2028,48.3,0
PRJ1633,West Bengal,Durgapur,Urban Infrastructure,1061.7,71.9,989.8,6.8,3,0,183,TRUE,Completed,349,1630,08-10-2025,26-03-2030,27.7,0
PRJ1634,Maharashtra,Pune,Urban Infrastructure,2731.7,572.9,2158.8,21,1,0,84,FALSE,In Progress,122,473,23-05-2026,08-09-2027,24.9,0
PRJ1635,Uttar Pradesh,Meerut,Railway Corridor,2607,570.4,2036.6,21.9,1,0,163,FALSE,In Progress,399,1119,19-08-2025,11-09-2028,35,0
PRJ1636,Rajasthan,Udaipur,Urban Infrastructure,2105.2,122.2,1983,5.8,5,1,126,FALSE,In Progress,490,1605,20-05-2025,11-10-2029,39.8,0
PRJ1637,Uttar Pradesh,Agra,Power Transmission Line,1634.2,714.2,920,43.7,4,2,229,FALSE,Pending,543,474,28-03-2025,15-07-2026,28,0
PRJ1638,Madhya Pradesh,Indore,Urban Infrastructure,2878.8,821.1,2057.7,28.5,5,0,397,FALSE,In Progress,1379,1391,13-12-2022,04-10-2026,43.1,0
PRJ1639,Assam,Dibrugarh,Power Transmission Line,302.2,11.7,290.5,3.9,1,0,34,TRUE,In Progress,68,999,16-07-2026,10-04-2029,45.6,0
PRJ1640,Odisha,Rourkela,Railway Corridor,372.8,60,312.8,16.1,1,3,141,FALSE,Completed,304,1314,22-11-2025,28-06-2029,35.2,0
PRJ1641,Madhya Pradesh,Gwalior,Irrigation Canal,915.8,162.5,753.3,17.7,0,0,89,FALSE,In Progress,896,1932,09-04-2024,24-07-2029,31.6,0
PRJ1642,West Bengal,Howrah,Industrial Corridor,2960,1356.7,1603.3,45.8,3,2,233,FALSE,Pending,1096,401,22-09-2023,27-10-2024,36.6,0
PRJ1643,Bihar,Bhagalpur,Irrigation Canal,1670.4,715.8,954.6,42.9,1,0,0,FALSE,Completed,832,1730,12-06-2024,08-03-2029,16.7,0
PRJ1644,Maharashtra,Thane,Irrigation Canal,109.1,91.2,17.9,83.6,1,1,158,FALSE,In Progress,1044,823,13-11-2023,13-02-2026,16.5,0
PRJ1645,Maharashtra,Nashik,Urban Infrastructure,1505.2,1505.2,0,100,3,2,126,FALSE,Completed,1259,437,12-04-2023,22-06-2024,18.9,0
PRJ1646,Bihar,Patna,Irrigation Canal,921.1,376.6,544.5,40.9,2,0,63,FALSE,Completed,1199,1331,11-06-2023,01-02-2027,1,0
PRJ1647,Maharashtra,Nagpur,Industrial Corridor,988.9,56.7,932.2,5.7,3,5,183,FALSE,Completed,291,1563,05-12-2025,17-03-2030,27.4,0
PRJ1648,Madhya Pradesh,Gwalior,Railway Corridor,1899.4,326,1573.4,17.2,1,0,142,FALSE,In Progress,126,376,19-05-2026,30-05-2027,18.5,0
PRJ1649,Assam,Guwahati,Railway Corridor,1718.2,913.8,804.4,53.2,4,0,115,FALSE,In Progress,1071,1144,17-10-2023,04-12-2026,32,0
PRJ1650,Bihar,Bhagalpur,Irrigation Canal,2615.8,323.4,2292.4,12.4,3,3,210,FALSE,Pending,687,983,04-11-2024,15-07-2027,48.2,0
PRJ1651,Odisha,Rourkela,Power Transmission Line,2462.6,94.1,2368.5,3.8,3,3,232,FALSE,Completed,153,1564,22-04-2026,03-08-2030,29.2,0
PRJ1652,Madhya Pradesh,Gwalior,Industrial Corridor,743.1,147.3,595.8,19.8,2,0,135,FALSE,In Progress,1305,1500,25-02-2023,05-04-2027,22.6,0
PRJ1653,Odisha,Bhubaneswar,Industrial Corridor,685.1,685.1,0,100,4,3,39,FALSE,Completed,788,417,26-07-2024,16-09-2025,29.5,0
PRJ1654,Rajasthan,Udaipur,Industrial Corridor,1031.3,408.2,623.1,39.6,1,3,151,TRUE,In Progress,410,576,08-08-2025,07-03-2027,52.4,1
PRJ1655,Maharashtra,Aurangabad,Irrigation Canal,225.9,9.2,216.7,4.1,4,1,147,TRUE,Completed,137,1876,08-05-2026,27-06-2031,47.8,0
PRJ1656,Odisha,Rourkela,Highway,2585.1,1992.8,592.3,77.1,2,0,20,FALSE,Completed,801,469,13-07-2024,25-10-2025,16.5,0
PRJ1657,Bihar,Muzaffarpur,Highway,719,217.5,501.5,30.3,1,0,110,FALSE,In Progress,281,582,15-12-2025,20-07-2027,18.3,0
PRJ1658,Uttar Pradesh,Meerut,Railway Corridor,2721.4,1027.7,1693.7,37.8,1,2,75,FALSE,Completed,1130,1812,19-08-2023,04-08-2028,14.6,0
PRJ1659,Bihar,Bhagalpur,Power Transmission Line,2251.3,1611.4,639.9,71.6,1,3,83,FALSE,Completed,1316,1048,14-02-2023,28-12-2025,17.6,0
PRJ1660,West Bengal,Durgapur,Railway Corridor,830.8,403.6,427.2,48.6,1,0,86,FALSE,Completed,778,1468,05-08-2024,12-08-2028,18.4,0
PRJ1661,Odisha,Bhubaneswar,Industrial Corridor,1212.7,140.2,1072.5,11.6,6,0,180,TRUE,In Progress,1460,1278,23-09-2022,24-03-2026,51.3,1
PRJ1662,Maharashtra,Nagpur,Irrigation Canal,2107.5,2060.7,46.8,97.8,0,0,38,FALSE,Completed,1302,1098,28-02-2023,02-03-2026,1.6,0
PRJ1663,Maharashtra,Nashik,Urban Infrastructure,2437.1,416.8,2020.3,17.1,7,1,176,FALSE,Completed,508,737,02-05-2025,09-05-2027,36.2,0
PRJ1664,Bihar,Gaya,Railway Corridor,471.4,158.2,313.2,33.6,1,2,59,FALSE,In Progress,420,702,29-07-2025,01-07-2027,19.1,0
PRJ1665,Assam,Dibrugarh,Railway Corridor,1987.6,123.5,1864.1,6.2,4,4,271,TRUE,Pending,170,521,05-04-2026,08-09-2027,72,1
PRJ1666,West Bengal,Kolkata,Railway Corridor,2934.3,1427.4,1506.9,48.6,1,1,67,FALSE,In Progress,1326,1898,04-02-2023,16-04-2028,31.3,0
PRJ1667,Maharashtra,Nashik,Irrigation Canal,686.3,88.1,598.2,12.8,4,3,137,FALSE,Completed,438,1584,11-07-2025,11-11-2029,42.1,0
PRJ1668,Odisha,Cuttack,Industrial Corridor,2404.6,1964.3,440.3,81.7,0,1,4,FALSE,Completed,908,780,28-03-2024,17-05-2026,21.1,0
PRJ1669,Assam,Dibrugarh,Industrial Corridor,779.2,101,678.2,13,2,2,130,FALSE,Pending,629,1386,01-01-2025,18-10-2028,39.2,0
PRJ1670,Uttar Pradesh,Varanasi,Industrial Corridor,2939.9,2939.9,0,100,1,0,72,FALSE,In Progress,1198,693,12-06-2023,05-05-2025,2.1,0
PRJ1671,Madhya Pradesh,Bhopal,Irrigation Canal,1553.1,275.6,1277.5,17.7,3,0,206,FALSE,Completed,524,1295,16-04-2025,01-11-2028,29,0
PRJ1672,West Bengal,Kolkata,Industrial Corridor,1572.3,137.1,1435.2,8.7,2,0,85,FALSE,In Progress,79,699,05-07-2026,03-06-2028,32.9,0
PRJ1673,Bihar,Patna,Industrial Corridor,1681.2,1205.9,475.3,71.7,0,0,83,FALSE,In Progress,1266,1208,05-04-2023,26-07-2026,10.7,0
PRJ1674,Rajasthan,Udaipur,Urban Infrastructure,634.4,275.1,359.3,43.4,2,0,65,TRUE,Completed,1134,1388,15-08-2023,03-06-2027,29.9,0
PRJ1675,Uttar Pradesh,Kanpur,Urban Infrastructure,963.8,58.5,905.3,6.1,6,0,116,FALSE,In Progress,333,1755,24-10-2025,14-08-2030,34.5,0
PRJ1676,Rajasthan,Jaipur,Irrigation Canal,1235.7,1113.7,122,90.1,1,2,8,FALSE,In Progress,809,698,05-07-2024,03-06-2026,17.4,0
PRJ1677,Uttar Pradesh,Varanasi,Railway Corridor,1214.9,88.6,1126.3,7.3,5,2,72,TRUE,Completed,164,944,11-04-2026,10-11-2028,36.8,0
PRJ1678,Odisha,Cuttack,Railway Corridor,314,263,51,83.8,6,2,200,FALSE,Completed,1450,609,03-10-2022,03-06-2024,18.6,0
PRJ1679,Bihar,Gaya,Industrial Corridor,1507,542.2,964.8,36,2,1,152,TRUE,In Progress,1303,625,27-02-2023,13-11-2024,27.2,0
PRJ1680,Maharashtra,Pune,Urban Infrastructure,267.2,27.2,240,10.2,1,3,211,TRUE,Pending,768,1709,15-08-2024,20-04-2029,57.9,1
PRJ1681,Madhya Pradesh,Jabalpur,Power Transmission Line,2646.9,281.9,2365,10.6,2,1,137,FALSE,In Progress,233,897,01-02-2026,17-07-2028,35.9,0
PRJ1682,Assam,Silchar,Urban Infrastructure,2202.3,331.7,1870.6,15.1,1,3,308,FALSE,In Progress,1070,1950,18-10-2023,18-02-2029,27.7,0
PRJ1683,Maharashtra,Aurangabad,Industrial Corridor,945.3,600.4,344.9,63.5,4,2,142,TRUE,Completed,1479,416,04-09-2022,25-10-2023,47.2,0
PRJ1684,Assam,Silchar,Industrial Corridor,2201.2,297.2,1904,13.5,1,3,195,TRUE,Completed,1049,1293,08-11-2023,24-05-2027,47.1,0
PRJ1685,Bihar,Patna,Irrigation Canal,1586.5,758.9,827.6,47.8,1,1,101,FALSE,In Progress,1021,1453,06-12-2023,28-11-2027,15.6,0
PRJ1686,Bihar,Patna,Railway Corridor,1514.3,666.8,847.5,44,2,4,91,FALSE,Completed,431,519,18-07-2025,19-12-2026,24,0
PRJ1687,Rajasthan,Udaipur,Industrial Corridor,1403.8,507.4,896.4,36.1,0,2,65,TRUE,Completed,1160,1548,20-07-2023,15-10-2027,39.4,0
PRJ1688,Rajasthan,Jodhpur,Railway Corridor,1098.2,919.2,179,83.7,0,1,23,FALSE,In Progress,815,588,29-06-2024,07-02-2026,19,0
PRJ1689,Odisha,Bhubaneswar,Power Transmission Line,2959.9,1135.4,1824.5,38.4,1,0,364,TRUE,Completed,1075,700,13-10-2023,12-09-2025,37.2,0
PRJ1690,Odisha,Cuttack,Power Transmission Line,1425.1,314.9,1110.2,22.1,1,1,105,FALSE,Completed,828,1926,16-06-2024,24-09-2029,27.9,0
PRJ1691,Maharashtra,Nagpur,Power Transmission Line,331.8,83.6,248.2,25.2,1,2,250,TRUE,In Progress,1169,1707,11-07-2023,13-03-2028,48.2,0
PRJ1692,Assam,Silchar,Railway Corridor,1728.5,851.5,877,49.3,2,2,189,FALSE,Completed,372,471,15-09-2025,30-12-2026,28.4,0
PRJ1693,West Bengal,Durgapur,Highway,2333.4,1708.6,624.8,73.2,1,2,51,FALSE,In Progress,1239,1286,02-05-2023,08-11-2026,22.1,0
PRJ1694,Madhya Pradesh,Indore,Railway Corridor,285.5,37.8,247.7,13.2,4,0,130,TRUE,Completed,224,758,10-02-2026,09-03-2028,41.3,0
PRJ1695,Uttar Pradesh,Meerut,Urban Infrastructure,1502.2,219.6,1282.6,14.6,6,0,209,TRUE,In Progress,433,1316,16-07-2025,21-02-2029,55.1,1
PRJ1696,Odisha,Cuttack,Urban Infrastructure,560.7,34.7,526,6.2,2,0,176,FALSE,Completed,197,1648,09-03-2026,12-09-2030,16.2,0
PRJ1697,Bihar,Muzaffarpur,Power Transmission Line,489.9,64.4,425.5,13.1,2,1,198,FALSE,In Progress,818,1880,26-06-2024,19-08-2029,33.1,0
PRJ1698,Uttar Pradesh,Kanpur,Urban Infrastructure,662.1,43.3,618.8,6.5,3,1,103,TRUE,In Progress,179,1718,27-03-2026,09-12-2030,40.3,0
PRJ1699,Assam,Guwahati,Railway Corridor,343.4,46.6,296.8,13.6,1,2,239,FALSE,Pending,569,1541,02-03-2025,21-05-2029,32.5,0
PRJ1700,Maharashtra,Nashik,Power Transmission Line,783.6,468.8,314.8,59.8,1,0,210,TRUE,In Progress,826,1036,18-06-2024,20-04-2027,35.7,0
PRJ1701,Madhya Pradesh,Indore,Railway Corridor,2321.6,1108.2,1213.4,47.7,2,1,153,FALSE,Completed,366,496,21-09-2025,30-01-2027,20.4,0
PRJ1702,Maharashtra,Aurangabad,Irrigation Canal,2960.3,901.4,2058.9,30.4,1,1,69,FALSE,Pending,979,1593,17-01-2024,28-05-2028,37.8,0
PRJ1703,Maharashtra,Thane,Highway,1596.1,1396,200.1,87.5,4,0,51,FALSE,In Progress,1437,1074,16-10-2022,24-09-2025,14.4,0
PRJ1704,West Bengal,Asansol,Irrigation Canal,1155.4,54.5,1100.9,4.7,5,3,187,FALSE,In Progress,460,1138,19-06-2025,31-07-2028,53.6,1
PRJ1705,Maharashtra,Nashik,Power Transmission Line,2055,207.6,1847.4,10.1,6,4,152,TRUE,In Progress,438,1062,11-07-2025,07-06-2028,57.8,1
PRJ1706,Odisha,Bhubaneswar,Urban Infrastructure,1057.7,174.3,883.4,16.5,1,1,275,TRUE,Pending,913,1887,23-03-2024,23-05-2029,52,1
PRJ1707,Bihar,Muzaffarpur,Industrial Corridor,2811.1,1684,1127.1,59.9,5,4,118,FALSE,In Progress,1340,931,21-01-2023,09-08-2025,26,0
PRJ1708,Madhya Pradesh,Jabalpur,Power Transmission Line,1010.1,57.1,953,5.7,2,1,95,TRUE,In Progress,85,803,29-06-2026,09-09-2028,51.5,1
PRJ1709,Rajasthan,Jodhpur,Urban Infrastructure,1036.1,65.2,970.9,6.3,2,4,207,TRUE,In Progress,257,1245,08-01-2026,06-06-2029,60.2,1
PRJ1710,Odisha,Cuttack,Irrigation Canal,1201.1,1201.1,0,100,0,0,131,FALSE,In Progress,815,401,29-06-2024,04-08-2025,5.2,0
PRJ1711,Odisha,Cuttack,Urban Infrastructure,2801.6,783.5,2018.1,28,2,3,119,FALSE,Completed,884,1320,21-04-2024,02-12-2027,25,0
PRJ1712,Rajasthan,Jaipur,Highway,1542.7,30.9,1511.8,2,3,4,356,TRUE,In Progress,421,1861,28-07-2025,01-09-2030,52.7,1
PRJ1713,Rajasthan,Jaipur,Railway Corridor,368.7,172.6,196.1,46.8,1,0,122,TRUE,Completed,680,916,11-11-2024,16-05-2027,39,0
PRJ1714,Maharashtra,Nagpur,Industrial Corridor,384.5,186.8,197.7,48.6,1,0,217,FALSE,In Progress,803,1361,11-07-2024,02-04-2028,36.2,0
PRJ1715,Assam,Guwahati,Highway,2658.4,1519.8,1138.6,57.2,2,0,228,FALSE,In Progress,441,392,08-07-2025,04-08-2026,3.4,0
PRJ1716,Madhya Pradesh,Bhopal,Railway Corridor,2908.5,66.9,2841.6,2.3,7,2,269,FALSE,Completed,332,1373,25-10-2025,29-07-2029,45.5,0
PRJ1717,Madhya Pradesh,Indore,Power Transmission Line,161.8,20.5,141.3,12.7,1,0,207,FALSE,Completed,777,1713,06-08-2024,15-04-2029,27.5,0
PRJ1718,West Bengal,Howrah,Highway,1210.7,245.2,965.5,20.3,2,1,44,FALSE,In Progress,311,918,15-11-2025,21-05-2028,40.1,0
PRJ1719,Uttar Pradesh,Meerut,Power Transmission Line,2404.6,48.1,2356.5,2,5,5,175,FALSE,In Progress,121,1469,24-05-2026,01-06-2030,51.8,1
PRJ1720,Bihar,Muzaffarpur,Industrial Corridor,115.3,6.9,108.4,6,3,3,205,FALSE,In Progress,353,824,04-10-2025,06-01-2028,41.9,0
PRJ1721,Odisha,Bhubaneswar,Irrigation Canal,605.1,413.5,191.6,68.3,1,0,128,TRUE,Completed,845,818,30-05-2024,26-08-2026,17.7,0
PRJ1722,Rajasthan,Kota,Railway Corridor,1654.5,124.6,1529.9,7.5,7,1,182,TRUE,In Progress,242,1186,23-01-2026,23-04-2029,62.3,1
PRJ1723,Maharashtra,Thane,Irrigation Canal,2833.3,212.8,2620.5,7.5,2,1,40,TRUE,In Progress,275,1646,21-12-2025,24-06-2030,29,0
PRJ1724,West Bengal,Howrah,Power Transmission Line,441.4,202.3,239.1,45.8,3,4,189,FALSE,Completed,1338,1408,23-01-2023,01-12-2026,34,0
PRJ1725,West Bengal,Howrah,Highway,2236.3,101.9,2134.4,4.6,4,3,201,FALSE,Completed,133,1481,12-05-2026,01-06-2030,34,0
PRJ1726,Madhya Pradesh,Indore,Power Transmission Line,634,227.1,406.9,35.8,6,0,223,FALSE,In Progress,594,661,05-02-2025,28-11-2026,42.6,0
PRJ1727,Maharashtra,Aurangabad,Highway,947.4,37.9,909.5,4,5,4,269,FALSE,In Progress,266,1093,30-12-2025,27-12-2028,43.2,0
PRJ1728,Assam,Dibrugarh,Industrial Corridor,2338.8,102.5,2236.3,4.4,0,0,56,TRUE,In Progress,101,1375,13-06-2026,19-03-2030,36.8,0
PRJ1729,Uttar Pradesh,Meerut,Industrial Corridor,715.2,67.7,647.5,9.5,0,1,271,FALSE,In Progress,231,765,03-02-2026,09-03-2028,25.8,0
PRJ1730,Odisha,Cuttack,Irrigation Canal,1806.4,359.9,1446.5,19.9,3,2,146,TRUE,In Progress,1307,1808,23-02-2023,05-02-2028,48.8,0
PRJ1731,Madhya Pradesh,Jabalpur,Industrial Corridor,1696.5,194.2,1502.3,11.4,4,1,136,FALSE,Completed,381,1414,06-09-2025,21-07-2029,28.2,0
PRJ1732,Assam,Silchar,Highway,1060,175,885,16.5,6,4,234,FALSE,Completed,785,1477,29-07-2024,14-08-2028,46.1,0
PRJ1733,Uttar Pradesh,Agra,Power Transmission Line,1033.7,1033.7,0,100,0,0,88,FALSE,Completed,1138,863,11-08-2023,21-12-2025,5.4,0
PRJ1734,Assam,Dibrugarh,Irrigation Canal,904.2,136.4,767.8,15.1,2,3,226,TRUE,Completed,409,771,09-08-2025,19-09-2027,47.5,0
PRJ1735,Rajasthan,Kota,Power Transmission Line,646.5,561.6,84.9,86.9,0,1,129,TRUE,Completed,1367,1240,25-12-2022,18-05-2026,27.8,0
PRJ1736,West Bengal,Howrah,Power Transmission Line,2427.9,507,1920.9,20.9,4,1,0,FALSE,In Progress,620,1997,10-01-2025,30-06-2030,39.3,0
PRJ1737,Bihar,Gaya,Power Transmission Line,1754.1,517.5,1236.6,29.5,3,2,82,FALSE,In Progress,1389,1645,03-12-2022,05-06-2027,32.1,0
PRJ1738,Uttar Pradesh,Kanpur,Irrigation Canal,428.7,129,299.7,30.1,0,0,70,FALSE,Completed,630,1925,31-12-2024,09-04-2030,12.8,0
PRJ1739,Maharashtra,Pune,Urban Infrastructure,1887,418.4,1468.6,22.2,2,1,72,FALSE,Pending,555,1424,16-03-2025,07-02-2029,44.8,0
PRJ1740,Uttar Pradesh,Varanasi,Railway Corridor,1011.2,399.2,612,39.5,3,2,187,FALSE,Completed,1490,1507,24-08-2022,09-10-2026,28,0
PRJ1741,Bihar,Gaya,Highway,902.5,902.5,0,100,1,2,0,FALSE,Completed,979,676,17-01-2024,23-11-2025,11,0
PRJ1742,Rajasthan,Jodhpur,Railway Corridor,2512.5,404.4,2108.1,16.1,1,3,232,TRUE,In Progress,987,1866,09-01-2024,17-02-2029,42.2,0
PRJ1743,Rajasthan,Jodhpur,Highway,681.5,106.8,574.7,15.7,6,2,191,FALSE,In Progress,632,1057,29-12-2024,21-11-2027,49,0
PRJ1744,Madhya Pradesh,Gwalior,Irrigation Canal,2672.2,101.5,2570.7,3.8,6,4,262,TRUE,Pending,420,1564,29-07-2025,09-11-2029,70.5,1
PRJ1745,Odisha,Cuttack,Irrigation Canal,1100.9,49.9,1051,4.5,0,1,244,FALSE,In Progress,192,1377,14-03-2026,20-12-2029,28.8,0
PRJ1746,Madhya Pradesh,Gwalior,Industrial Corridor,2600.2,1671.2,929,64.3,1,0,30,FALSE,In Progress,718,922,04-10-2024,14-04-2027,15.7,0
PRJ1747,West Bengal,Durgapur,Railway Corridor,83.1,25.5,57.6,30.7,0,0,41,FALSE,In Progress,602,1851,28-01-2025,22-02-2030,19.7,0
PRJ1748,West Bengal,Asansol,Railway Corridor,2699.9,2123,576.9,78.6,2,1,141,FALSE,Completed,932,710,04-03-2024,12-02-2026,25.9,0
PRJ1749,Uttar Pradesh,Kanpur,Railway Corridor,584.9,557.2,27.7,95.3,1,0,0,FALSE,Completed,954,1061,11-02-2024,07-01-2027,18.2,0
PRJ1750,Assam,Guwahati,Urban Infrastructure,1124.9,188.6,936.3,16.8,2,3,114,TRUE,Completed,727,1360,25-09-2024,16-06-2028,43,0
PRJ1751,Madhya Pradesh,Gwalior,Irrigation Canal,231,213.5,17.5,92.4,5,0,123,FALSE,Pending,1488,834,26-08-2022,07-12-2024,23.3,0
PRJ1752,Rajasthan,Jodhpur,Industrial Corridor,2245.6,720.3,1525.3,32.1,0,2,233,FALSE,Pending,1384,1849,08-12-2022,31-12-2027,32.4,0
PRJ1753,Rajasthan,Jodhpur,Power Transmission Line,600.2,332.6,267.6,55.4,3,4,140,FALSE,Completed,1371,1016,21-12-2022,02-10-2025,27.4,0
PRJ1754,West Bengal,Howrah,Industrial Corridor,1536.3,305.7,1230.6,19.9,1,0,121,TRUE,Completed,880,1438,25-04-2024,02-04-2028,47.2,0
PRJ1755,Bihar,Gaya,Irrigation Canal,1802.8,363.8,1439,20.2,6,3,295,FALSE,In Progress,727,894,25-09-2024,08-03-2027,45.8,0
PRJ1756,West Bengal,Durgapur,Industrial Corridor,1520.2,176.5,1343.7,11.6,0,1,25,FALSE,In Progress,299,1449,27-11-2025,15-11-2029,28.1,0
PRJ1757,Assam,Guwahati,Highway,2820.6,2429.6,391,86.1,0,1,197,TRUE,Completed,1475,765,08-09-2022,12-10-2024,18.5,0
PRJ1758,West Bengal,Kolkata,Irrigation Canal,1811.9,587.6,1224.3,32.4,4,3,284,TRUE,Completed,910,630,26-03-2024,16-12-2025,46.5,0
PRJ1759,Assam,Guwahati,Irrigation Canal,523.1,523.1,0,100,0,0,75,FALSE,Completed,850,384,25-05-2024,13-06-2025,1,0
PRJ1760,Bihar,Gaya,Highway,2819.2,304.1,2515.1,10.8,0,2,131,TRUE,In Progress,307,1887,19-11-2025,19-01-2031,62.7,1
PRJ1761,Rajasthan,Jodhpur,Irrigation Canal,2314.1,1014.7,1299.4,43.8,2,2,31,FALSE,Completed,676,1025,15-11-2024,06-09-2027,14.4,0
PRJ1762,Madhya Pradesh,Jabalpur,Urban Infrastructure,1855.7,1120.5,735.2,60.4,0,1,139,TRUE,Pending,1002,1107,25-12-2023,05-01-2027,40.4,0
PRJ1763,Assam,Dibrugarh,Highway,913.2,214.8,698.4,23.5,4,0,217,FALSE,In Progress,1380,1415,12-12-2022,27-10-2026,32,0
PRJ1764,Odisha,Bhubaneswar,Railway Corridor,382.6,333,49.6,87,2,0,129,TRUE,Pending,1054,725,03-11-2023,28-10-2025,43,0
PRJ1765,Maharashtra,Nashik,Highway,410.6,45.1,365.5,11,2,3,266,FALSE,In Progress,1038,1530,19-11-2023,27-01-2028,37.2,0
PRJ1766,Bihar,Gaya,Irrigation Canal,655.6,343.3,312.3,52.4,2,1,44,FALSE,Completed,1051,1823,06-11-2023,02-11-2028,14.7,0
PRJ1767,Uttar Pradesh,Agra,Power Transmission Line,2269.2,1527.1,742.1,67.3,0,0,46,FALSE,Completed,650,777,11-12-2024,27-01-2027,1,0
PRJ1768,Maharashtra,Nashik,Railway Corridor,2560.2,1623.3,936.9,63.4,4,4,179,FALSE,In Progress,1366,639,26-12-2022,25-09-2024,33.2,0
PRJ1769,Uttar Pradesh,Agra,Power Transmission Line,2661.6,478.5,2183.1,18,3,1,354,TRUE,In Progress,1121,1064,28-08-2023,27-07-2026,62.8,1
PRJ1770,Madhya Pradesh,Gwalior,Highway,456.9,264.3,192.6,57.8,1,1,127,TRUE,In Progress,533,408,07-04-2025,20-05-2026,35.4,0
PRJ1771,Odisha,Bhubaneswar,Industrial Corridor,2347,117.8,2229.2,5,0,1,50,FALSE,In Progress,96,1029,18-06-2026,12-04-2029,26.3,0
PRJ1772,Uttar Pradesh,Agra,Industrial Corridor,1719.7,170.2,1549.5,9.9,1,0,116,TRUE,Pending,181,711,25-03-2026,05-03-2028,42.6,0
PRJ1773,Madhya Pradesh,Gwalior,Highway,1688.7,192.5,1496.2,11.4,3,2,198,FALSE,Pending,732,1730,20-09-2024,16-06-2029,49.6,0
PRJ1774,Odisha,Bhubaneswar,Urban Infrastructure,1091.1,218.9,872.2,20.1,3,3,262,FALSE,In Progress,1449,1934,04-10-2022,20-01-2028,54.9,1
PRJ1775,Maharashtra,Thane,Power Transmission Line,624.9,624.9,0,100,1,0,121,FALSE,Completed,1240,538,01-05-2023,20-10-2024,1.9,0
PRJ1776,Odisha,Cuttack,Highway,1976.1,145.7,1830.4,7.4,2,5,164,TRUE,In Progress,113,789,01-06-2026,29-07-2028,49.6,0
PRJ1777,Bihar,Bhagalpur,Industrial Corridor,2987.8,361.6,2626.2,12.1,1,2,206,FALSE,Pending,687,1279,04-11-2024,06-05-2028,48.8,0
PRJ1778,Maharashtra,Aurangabad,Urban Infrastructure,1007.9,577.8,430.1,57.3,3,0,115,FALSE,In Progress,1429,1702,24-10-2022,22-06-2027,14.4,0
PRJ1779,Rajasthan,Udaipur,Railway Corridor,2645.1,204,2441.1,7.7,2,1,131,FALSE,In Progress,126,624,19-05-2026,02-02-2028,40.4,0
PRJ1780,Assam,Silchar,Industrial Corridor,1983.7,189.6,1794.1,9.6,1,3,184,TRUE,In Progress,358,625,29-09-2025,16-06-2027,44.2,0
PRJ1781,Bihar,Gaya,Railway Corridor,2836.9,1239.3,1597.6,43.7,2,2,56,FALSE,Pending,863,1289,12-05-2024,22-11-2027,22.2,0
PRJ1782,Bihar,Patna,Urban Infrastructure,1326.4,542.5,783.9,40.9,1,2,193,FALSE,In Progress,835,855,09-06-2024,12-10-2026,33.3,0
PRJ1783,Madhya Pradesh,Indore,Industrial Corridor,2961.2,1462.5,1498.7,49.4,4,2,93,TRUE,Completed,1485,1471,29-08-2022,08-09-2026,39.6,0
PRJ1784,Bihar,Patna,Urban Infrastructure,2305.7,2305.7,0,100,1,1,92,FALSE,Completed,1453,530,30-09-2022,13-03-2024,1,0
PRJ1785,Assam,Silchar,Industrial Corridor,414.1,125.1,289,30.2,3,2,214,FALSE,In Progress,1448,1359,05-10-2022,25-06-2026,31.6,0
PRJ1786,Madhya Pradesh,Jabalpur,Urban Infrastructure,2799.8,2799.8,0,100,1,1,211,FALSE,In Progress,1054,440,03-11-2023,16-01-2025,10.6,0
PRJ1787,West Bengal,Howrah,Highway,2094.6,2094.6,0,100,1,2,14,FALSE,Completed,873,469,02-05-2024,14-08-2025,3.8,0
PRJ1788,Odisha,Bhubaneswar,Irrigation Canal,1905.5,1616.9,288.6,84.9,0,1,41,FALSE,In Progress,727,660,25-09-2024,17-07-2026,5.4,0
PRJ1789,West Bengal,Asansol,Industrial Corridor,731.7,42.9,688.8,5.9,4,0,148,FALSE,Completed,222,1480,12-02-2026,03-03-2030,31.4,0
PRJ1790,Odisha,Cuttack,Irrigation Canal,768.8,574,194.8,74.7,6,0,216,FALSE,In Progress,1457,928,26-09-2022,11-04-2025,33,0
PRJ1791,West Bengal,Asansol,Urban Infrastructure,83.9,7,76.9,8.4,1,4,259,FALSE,In Progress,448,524,01-07-2025,07-12-2026,51.1,1
PRJ1792,Bihar,Gaya,Power Transmission Line,1980.8,301,1679.8,15.2,3,0,149,TRUE,In Progress,822,1916,22-06-2024,20-09-2029,49.6,0
PRJ1793,Bihar,Bhagalpur,Railway Corridor,2217.1,2217.1,0,100,1,1,0,FALSE,Completed,1450,825,03-10-2022,05-01-2025,1,0
PRJ1794,Rajasthan,Kota,Urban Infrastructure,1319.7,409.1,910.6,31,6,4,162,TRUE,Completed,1089,1217,29-09-2023,28-01-2027,56.7,1
PRJ1795,Bihar,Patna,Industrial Corridor,1249.6,89.3,1160.3,7.1,6,3,313,TRUE,In Progress,296,930,30-11-2025,17-06-2028,74.7,1
PRJ1796,Odisha,Bhubaneswar,Irrigation Canal,2966.1,1160.4,1805.7,39.1,2,2,257,FALSE,Completed,1110,753,08-09-2023,30-09-2025,15.3,0
PRJ1797,Odisha,Cuttack,Railway Corridor,98.3,6.1,92.2,6.2,4,2,180,FALSE,Completed,167,1374,08-04-2026,11-01-2030,39.6,0
PRJ1798,Maharashtra,Thane,Industrial Corridor,1047.4,93.8,953.6,9,5,2,250,FALSE,In Progress,960,1166,05-02-2024,16-04-2027,35.9,0
PRJ1799,Odisha,Cuttack,Highway,379.1,252.1,127,66.5,2,1,94,FALSE,In Progress,968,882,28-01-2024,28-06-2026,33.1,0
PRJ1800,Madhya Pradesh,Jabalpur,Railway Corridor,1859.2,96.3,1762.9,5.2,4,1,182,TRUE,In Progress,283,1940,13-12-2025,06-04-2031,60.6,1
PRJ1801,Uttar Pradesh,Varanasi,Urban Infrastructure,1558.1,405.8,1152.3,26,3,2,211,TRUE,In Progress,1103,634,15-09-2023,10-06-2025,55.4,1
PRJ1802,Assam,Dibrugarh,Power Transmission Line,2462.7,376,2086.7,15.3,0,1,183,FALSE,In Progress,688,1431,03-11-2024,04-10-2028,32.4,0
PRJ1803,Uttar Pradesh,Agra,Railway Corridor,220.4,34.5,185.9,15.6,2,1,144,FALSE,In Progress,655,1310,06-12-2024,08-07-2028,23.3,0
PRJ1804,Madhya Pradesh,Bhopal,Railway Corridor,2037.4,1829.3,208.1,89.8,2,2,191,FALSE,Completed,580,400,19-02-2025,26-03-2026,25.7,0
PRJ1805,Uttar Pradesh,Kanpur,Industrial Corridor,1078.1,180,898.1,16.7,2,1,140,TRUE,Completed,103,398,11-06-2026,14-07-2027,58.9,1
PRJ1806,Madhya Pradesh,Jabalpur,Highway,1576.3,533,1043.3,33.8,5,4,186,FALSE,In Progress,1437,1595,16-10-2022,27-02-2027,43.9,0
PRJ1807,Odisha,Rourkela,Railway Corridor,299,10.1,288.9,3.4,3,1,153,TRUE,Completed,143,1792,02-05-2026,29-03-2031,37.4,0
PRJ1808,Madhya Pradesh,Bhopal,Irrigation Canal,1751.5,287,1464.5,16.4,6,1,215,FALSE,Completed,598,1379,01-02-2025,11-11-2028,40.3,0
PRJ1809,Rajasthan,Jodhpur,Highway,2408.6,239.6,2169,9.9,2,1,134,TRUE,In Progress,678,1991,13-11-2024,27-04-2030,44.8,0
PRJ1810,Maharashtra,Aurangabad,Power Transmission Line,2394.3,420.2,1974.1,17.5,3,2,186,TRUE,Pending,315,1228,11-11-2025,23-03-2029,57.8,1
PRJ1811,Maharashtra,Nagpur,Highway,1754.1,318.8,1435.3,18.2,4,4,206,TRUE,In Progress,926,631,10-03-2024,01-12-2025,58.4,1
PRJ1812,Madhya Pradesh,Gwalior,Power Transmission Line,1374.6,128.2,1246.4,9.3,0,0,69,FALSE,In Progress,155,1430,20-04-2026,20-03-2030,33.2,0
PRJ1813,Odisha,Bhubaneswar,Irrigation Canal,2183.7,171.6,2012.1,7.9,2,1,266,FALSE,Pending,357,1227,30-09-2025,08-02-2029,42.9,0
PRJ1814,West Bengal,Asansol,Industrial Corridor,142.4,2.8,139.6,2,6,8,344,TRUE,Pending,84,1507,30-06-2026,15-08-2030,81,1
PRJ1815,Assam,Guwahati,Urban Infrastructure,2646.6,1436.4,1210.2,54.3,1,1,138,TRUE,In Progress,1222,1282,19-05-2023,21-11-2026,33.8,0
PRJ1816,Assam,Guwahati,Industrial Corridor,2963.8,1705.3,1258.5,57.5,7,2,228,FALSE,In Progress,1279,643,23-03-2023,25-12-2024,26.7,0
PRJ1817,Maharashtra,Pune,Highway,2901,1037.7,1863.3,35.8,0,1,150,FALSE,Pending,1244,1446,27-04-2023,12-04-2027,36.9,0
PRJ1818,Maharashtra,Nagpur,Industrial Corridor,2080.3,788.9,1291.4,37.9,0,0,39,FALSE,Completed,600,967,30-01-2025,24-09-2027,27.1,0
PRJ1819,West Bengal,Durgapur,Urban Infrastructure,155.3,98.3,57,63.3,2,2,106,FALSE,Pending,1468,1135,15-09-2022,24-10-2025,31.9,0
PRJ1820,Bihar,Patna,Urban Infrastructure,2109.6,289.6,1820,13.7,1,1,46,FALSE,Completed,215,1192,19-02-2026,26-05-2029,6,0
PRJ1821,Bihar,Gaya,Railway Corridor,630.4,57.2,573.2,9.1,2,1,108,FALSE,Completed,106,509,08-06-2026,30-10-2027,28.2,0
PRJ1822,Odisha,Cuttack,Irrigation Canal,2051.7,846,1205.7,41.2,7,2,184,TRUE,In Progress,1116,831,02-09-2023,11-12-2025,50.8,1
PRJ1823,Rajasthan,Jaipur,Railway Corridor,2568.6,261,2307.6,10.2,1,1,141,FALSE,Completed,263,1962,02-01-2026,18-05-2031,47,0
PRJ1824,Bihar,Muzaffarpur,Power Transmission Line,660,660,0,100,0,1,0,FALSE,Completed,875,401,30-04-2024,05-06-2025,1,0
PRJ1825,Madhya Pradesh,Bhopal,Urban Infrastructure,2689.4,698.6,1990.8,26,6,1,240,TRUE,Completed,1124,1862,25-08-2023,29-09-2028,42.4,0
PRJ1826,West Bengal,Asansol,Urban Infrastructure,2045.9,558,1487.9,27.3,0,2,113,FALSE,In Progress,743,1419,09-09-2024,29-07-2028,20.8,0
PRJ1827,Uttar Pradesh,Agra,Industrial Corridor,1090,277,813,25.4,7,0,229,TRUE,In Progress,456,726,23-06-2025,19-06-2027,56.1,1
PRJ1828,Odisha,Cuttack,Railway Corridor,2129.9,69.5,2060.4,3.3,1,1,101,FALSE,In Progress,133,844,12-05-2026,02-09-2028,29.7,0
PRJ1829,Odisha,Rourkela,Power Transmission Line,947.6,74.2,873.4,7.8,2,0,122,FALSE,Completed,160,1063,15-04-2026,13-03-2029,24.6,0
PRJ1830,Odisha,Cuttack,Railway Corridor,1731,902.6,828.4,52.1,4,2,234,FALSE,Completed,1039,727,18-11-2023,14-11-2025,26.5,0
PRJ1831,Uttar Pradesh,Kanpur,Highway,1024.8,442.2,582.6,43.2,1,0,4,FALSE,In Progress,361,631,26-09-2025,19-06-2027,21.1,0
PRJ1832,Uttar Pradesh,Agra,Power Transmission Line,2640.6,1183.5,1457.1,44.8,0,1,70,TRUE,In Progress,699,755,23-10-2024,17-11-2026,29.5,0
PRJ1833,Rajasthan,Jodhpur,Urban Infrastructure,1707.5,501.2,1206.3,29.4,4,0,227,TRUE,Completed,1104,1275,14-09-2023,12-03-2027,36.1,0
PRJ1834,Rajasthan,Jodhpur,Railway Corridor,2233.4,223.6,2009.8,10,2,1,289,FALSE,Completed,374,1397,13-09-2025,11-07-2029,39.8,0
PRJ1835,Madhya Pradesh,Gwalior,Railway Corridor,1191,412.6,778.4,34.6,1,2,67,FALSE,Completed,648,1208,13-12-2024,04-04-2028,18.5,0
PRJ1836,Uttar Pradesh,Lucknow,Industrial Corridor,836.8,127.4,709.4,15.2,3,1,8,TRUE,In Progress,244,966,21-01-2026,13-09-2028,46.3,0
PRJ1837,Madhya Pradesh,Jabalpur,Railway Corridor,315.1,315.1,0,100,3,1,243,FALSE,Completed,614,370,16-01-2025,21-01-2026,15,0
PRJ1838,Assam,Dibrugarh,Urban Infrastructure,2422.5,282.2,2140.3,11.6,6,1,323,TRUE,In Progress,1009,1084,18-12-2023,06-12-2026,63.5,1
PRJ1839,Uttar Pradesh,Kanpur,Urban Infrastructure,583.9,11.7,572.2,2,6,1,238,TRUE,Pending,225,1731,09-02-2026,06-11-2030,69.9,1
PRJ1840,Uttar Pradesh,Agra,Urban Infrastructure,1465.9,222.7,1243.2,15.2,3,1,177,FALSE,In Progress,647,1970,14-12-2024,07-05-2030,37.2,0
PRJ1841,Bihar,Bhagalpur,Industrial Corridor,2942.3,1446.4,1495.9,49.2,3,0,43,FALSE,Completed,391,490,27-08-2025,30-12-2026,14.6,0
PRJ1842,Odisha,Bhubaneswar,Power Transmission Line,1086.8,571.7,515.1,52.6,3,1,241,TRUE,Pending,1479,780,04-09-2022,23-10-2024,60.8,1
PRJ1843,Odisha,Rourkela,Urban Infrastructure,2873.8,1983.4,890.4,69,1,1,0,TRUE,Completed,821,1047,23-06-2024,06-05-2027,14.5,0
PRJ1844,Odisha,Cuttack,Highway,2842.6,537.8,2304.8,18.9,2,2,255,TRUE,In Progress,619,925,11-01-2025,25-07-2027,46.7,0
PRJ1845,Bihar,Gaya,Power Transmission Line,1791,318.1,1472.9,17.8,1,1,133,TRUE,Completed,183,592,23-03-2026,05-11-2027,35,0
PRJ1846,Madhya Pradesh,Jabalpur,Urban Infrastructure,2437,1468.2,968.8,60.2,3,2,70,TRUE,Pending,967,793,29-01-2024,01-04-2026,45.4,0
PRJ1847,West Bengal,Howrah,Railway Corridor,2231,809.5,1421.5,36.3,3,4,42,FALSE,Pending,1400,1829,22-11-2022,25-11-2027,51.6,1
PRJ1848,Uttar Pradesh,Varanasi,Highway,921.2,306.7,614.5,33.3,0,0,3,FALSE,Completed,590,1470,09-02-2025,18-02-2029,13.4,0
PRJ1849,Maharashtra,Thane,Railway Corridor,88.3,4.4,83.9,5,5,4,145,TRUE,In Progress,200,1555,06-03-2026,08-06-2030,62.4,1
PRJ1850,Assam,Dibrugarh,Irrigation Canal,2537.5,180.3,2357.2,7.1,4,4,229,FALSE,In Progress,303,1519,23-11-2025,20-01-2030,43.4,0
PRJ1851,Maharashtra,Nagpur,Highway,1205.2,272.1,933.1,22.6,0,1,187,FALSE,Completed,872,1919,03-05-2024,04-08-2029,16,0
PRJ1852,Odisha,Bhubaneswar,Railway Corridor,2800.2,2330.6,469.6,83.2,1,0,0,FALSE,Completed,711,513,11-10-2024,08-03-2026,12,0
PRJ1853,Rajasthan,Jodhpur,Irrigation Canal,872.2,63.9,808.3,7.3,5,3,261,FALSE,Completed,1376,1167,16-12-2022,25-02-2026,42,0
PRJ1854,Assam,Guwahati,Highway,574.5,157.9,416.6,27.5,7,2,196,TRUE,In Progress,1334,1926,27-01-2023,06-05-2028,60.5,1
PRJ1855,Madhya Pradesh,Jabalpur,Highway,2122.5,611.2,1511.3,28.8,2,2,252,TRUE,In Progress,1175,1047,05-07-2023,17-05-2026,51.7,1
PRJ1856,Odisha,Rourkela,Urban Infrastructure,1827,425.3,1401.7,23.3,3,2,131,TRUE,Completed,800,1758,14-07-2024,07-05-2029,51.9,1
PRJ1857,Bihar,Patna,Industrial Corridor,1466.5,411.1,1055.4,28,4,1,296,TRUE,Completed,1480,796,03-09-2022,07-11-2024,48.7,0
PRJ1858,Odisha,Bhubaneswar,Power Transmission Line,948,263.2,684.8,27.8,1,1,58,FALSE,In Progress,769,1920,14-08-2024,16-11-2029,27.2,0
PRJ1859,Rajasthan,Udaipur,Power Transmission Line,2139.7,492.3,1647.4,23,2,2,109,TRUE,Completed,470,547,09-06-2025,08-12-2026,52,1
PRJ1860,Madhya Pradesh,Bhopal,Power Transmission Line,1487.9,280.1,1207.8,18.8,1,2,116,FALSE,Completed,767,1436,16-08-2024,22-07-2028,26.4,0
PRJ1861,Rajasthan,Jodhpur,Power Transmission Line,889,889,0,100,1,0,234,FALSE,Completed,1236,749,05-05-2023,23-05-2025,5.3,0
PRJ1862,Maharashtra,Nashik,Highway,2157.1,452.1,1705,21,1,0,2,TRUE,Completed,678,1653,13-11-2024,24-05-2029,23,0
PRJ1863,Maharashtra,Thane,Railway Corridor,1740.3,1042.1,698.2,59.9,2,1,68,FALSE,Completed,1416,1408,06-11-2022,14-09-2026,16.4,0
PRJ1864,Bihar,Patna,Industrial Corridor,2387,570.2,1816.8,23.9,2,1,0,FALSE,Completed,479,1685,31-05-2025,10-01-2030,13.7,0
PRJ1865,Uttar Pradesh,Varanasi,Railway Corridor,1623.8,167.6,1456.2,10.3,0,0,35,FALSE,In Progress,211,1790,23-02-2026,18-01-2031,27.1,0
PRJ1866,Maharashtra,Nashik,Urban Infrastructure,1864,283.2,1580.8,15.2,3,0,125,TRUE,Completed,456,1498,23-06-2025,30-07-2029,40.9,0
PRJ1867,Bihar,Bhagalpur,Irrigation Canal,388.3,71.2,317.1,18.3,2,2,203,TRUE,In Progress,1164,1525,16-07-2023,18-09-2027,49.6,0
PRJ1868,Bihar,Bhagalpur,Highway,1146.8,1146.8,0,100,3,2,229,FALSE,Completed,1410,490,12-11-2022,16-03-2024,15.2,0
PRJ1869,West Bengal,Durgapur,Industrial Corridor,1329.7,248,1081.7,18.6,0,1,0,FALSE,In Progress,345,1247,12-10-2025,12-03-2029,32.8,0
PRJ1870,Odisha,Cuttack,Irrigation Canal,2185.3,652.1,1533.2,29.8,2,2,260,FALSE,In Progress,955,1608,10-02-2024,06-07-2028,41.5,0
PRJ1871,Odisha,Bhubaneswar,Power Transmission Line,1688,557.1,1130.9,33,1,2,126,FALSE,Completed,425,872,24-07-2025,13-12-2027,26.8,0
PRJ1872,Uttar Pradesh,Varanasi,Railway Corridor,780.5,130.6,649.9,16.7,4,4,287,FALSE,In Progress,1437,1989,16-10-2022,27-03-2028,45.1,0
PRJ1873,Madhya Pradesh,Gwalior,Industrial Corridor,2806.4,1007.1,1799.3,35.9,4,1,239,FALSE,Pending,1496,1321,18-08-2022,31-03-2026,44.7,0
PRJ1874,Bihar,Bhagalpur,Highway,2936.3,105.4,2830.9,3.6,5,3,227,TRUE,Pending,562,1620,09-03-2025,15-08-2029,74.2,1
PRJ1875,Madhya Pradesh,Jabalpur,Highway,1622,1218.4,403.6,75.1,2,0,114,FALSE,Completed,788,504,26-07-2024,12-12-2025,1,0
PRJ1876,Madhya Pradesh,Jabalpur,Urban Infrastructure,1121.4,86.7,1034.7,7.7,5,3,287,TRUE,Completed,120,468,25-05-2026,05-09-2027,50.3,1
PRJ1877,West Bengal,Kolkata,Power Transmission Line,206.3,12.7,193.6,6.1,4,0,180,FALSE,In Progress,78,881,06-07-2026,03-12-2028,43.9,0
PRJ1878,Rajasthan,Udaipur,Power Transmission Line,2044.9,2044.9,0,100,1,2,63,FALSE,In Progress,1113,490,05-09-2023,07-01-2025,15.5,0
PRJ1879,Bihar,Bhagalpur,Power Transmission Line,243.8,63.5,180.3,26,6,4,150,TRUE,In Progress,1098,1264,20-09-2023,07-03-2027,52.7,1
PRJ1880,Maharashtra,Nagpur,Urban Infrastructure,721.3,105.9,615.4,14.7,2,2,132,TRUE,Completed,1205,1972,05-06-2023,28-10-2028,34.2,0
PRJ1881,West Bengal,Asansol,Industrial Corridor,540.8,32.7,508.1,6.1,0,0,47,TRUE,In Progress,201,1281,05-03-2026,06-09-2029,34.5,0
PRJ1882,Madhya Pradesh,Jabalpur,Highway,2493.4,428.6,2064.8,17.2,5,1,242,FALSE,Completed,1427,1770,26-10-2022,31-08-2027,34,0
PRJ1883,Rajasthan,Jodhpur,Irrigation Canal,2070.9,74.4,1996.5,3.6,3,3,155,FALSE,Pending,249,1872,16-01-2026,03-03-2031,42.2,0
PRJ1884,West Bengal,Asansol,Urban Infrastructure,291.4,5.8,285.6,2,2,4,303,TRUE,In Progress,217,1046,17-02-2026,29-12-2028,71.8,1
PRJ1885,West Bengal,Asansol,Irrigation Canal,522.8,37.4,485.4,7.1,3,1,298,FALSE,In Progress,583,1071,16-02-2025,23-01-2028,36,0
PRJ1886,Rajasthan,Jaipur,Power Transmission Line,2121.8,178.2,1943.6,8.4,1,3,237,TRUE,In Progress,722,1488,30-09-2024,27-10-2028,51.2,1
PRJ1887,Odisha,Bhubaneswar,Industrial Corridor,2742.6,54.9,2687.7,2,3,3,342,FALSE,In Progress,76,1210,08-07-2026,30-10-2029,52.3,1
PRJ1888,Maharashtra,Aurangabad,Power Transmission Line,863.5,432.2,431.3,50.1,1,0,77,FALSE,Completed,1050,1295,07-11-2023,25-05-2027,6.1,0
PRJ1889,Uttar Pradesh,Meerut,Irrigation Canal,213.4,38.6,174.8,18.1,10,2,91,TRUE,In Progress,598,978,01-02-2025,07-10-2027,69.7,1
PRJ1890,Madhya Pradesh,Indore,Irrigation Canal,847.1,270.8,576.3,32,5,0,204,FALSE,Pending,1142,494,07-08-2023,13-12-2024,40.9,0
PRJ1891,Maharashtra,Nagpur,Railway Corridor,428.1,334.8,93.3,78.2,2,0,102,FALSE,In Progress,1274,1078,28-03-2023,10-03-2026,17.7,0
PRJ1892,Rajasthan,Udaipur,Irrigation Canal,1842.8,252.3,1590.5,13.7,1,1,153,FALSE,In Progress,272,1196,24-12-2025,03-04-2029,37.4,0
PRJ1893,Maharashtra,Aurangabad,Railway Corridor,2904.6,496.1,2408.5,17.1,4,1,146,FALSE,In Progress,763,1681,20-08-2024,28-03-2029,32.9,0
PRJ1894,Rajasthan,Jaipur,Highway,1028.7,98.7,930,9.6,2,1,227,TRUE,In Progress,536,1530,04-04-2025,12-06-2029,56.4,1
PRJ1895,Odisha,Rourkela,Urban Infrastructure,740.5,740.5,0,100,1,0,197,TRUE,Completed,1112,510,06-09-2023,28-01-2025,22.5,0
PRJ1896,Rajasthan,Jodhpur,Highway,2061,143.4,1917.6,7,1,4,211,TRUE,Completed,257,1550,08-01-2026,07-04-2030,56.2,1
PRJ1897,Uttar Pradesh,Agra,Power Transmission Line,978.7,259.5,719.2,26.5,1,1,84,FALSE,Completed,286,751,10-12-2025,31-12-2027,24.7,0
PRJ1898,Madhya Pradesh,Gwalior,Highway,686.8,395.3,291.5,57.6,2,1,43,TRUE,Completed,905,1296,31-03-2024,18-10-2027,20.6,0
PRJ1899,West Bengal,Asansol,Urban Infrastructure,1837.4,1391.1,446.3,75.7,2,2,136,TRUE,Completed,1464,1552,19-09-2022,19-12-2026,38.5,0
PRJ1900,Rajasthan,Kota,Railway Corridor,964.6,849.1,115.5,88,1,0,310,TRUE,In Progress,1375,413,17-12-2022,03-02-2024,37.7,0
PRJ1901,Assam,Dibrugarh,Power Transmission Line,2871.7,563.4,2308.3,19.6,6,1,286,FALSE,Pending,1464,1945,19-09-2022,16-01-2028,48.2,0
PRJ1902,Assam,Dibrugarh,Highway,2300.1,2300.1,0,100,3,3,208,TRUE,In Progress,1388,412,04-12-2022,20-01-2024,43.7,0
PRJ1903,Assam,Guwahati,Power Transmission Line,55.9,2.7,53.2,4.9,5,1,164,FALSE,Completed,140,958,05-05-2026,18-12-2028,30.7,0
PRJ1904,West Bengal,Durgapur,Power Transmission Line,2781.9,55.6,2726.3,2,6,3,120,FALSE,Pending,96,1836,18-06-2026,28-06-2031,44.1,0
PRJ1905,Uttar Pradesh,Kanpur,Industrial Corridor,1682.8,190.5,1492.3,11.3,2,1,166,TRUE,In Progress,538,1810,02-04-2025,17-03-2030,36.6,0
PRJ1906,Assam,Guwahati,Irrigation Canal,1048.9,181.8,867.1,17.3,0,1,160,FALSE,Completed,238,1093,27-01-2026,24-01-2029,17.1,0
PRJ1907,Maharashtra,Aurangabad,Railway Corridor,2655.6,487.8,2167.8,18.4,0,0,70,FALSE,Completed,457,1420,22-06-2025,12-05-2029,19,0
PRJ1908,Bihar,Bhagalpur,Urban Infrastructure,215.6,104.4,111.2,48.4,0,1,132,TRUE,Completed,382,538,05-09-2025,25-02-2027,26.7,0
PRJ1909,Bihar,Bhagalpur,Urban Infrastructure,2001.5,146.2,1855.3,7.3,4,2,136,TRUE,Completed,412,1628,06-08-2025,20-01-2030,43.4,0
PRJ1910,Uttar Pradesh,Kanpur,Power Transmission Line,2338.9,322.8,2016.1,13.8,4,2,146,TRUE,In Progress,328,750,29-10-2025,18-11-2027,51.2,1
PRJ1911,Rajasthan,Udaipur,Railway Corridor,610.6,422.2,188.4,69.1,2,0,54,FALSE,In Progress,568,709,03-03-2025,10-02-2027,12.9,0
PRJ1912,Rajasthan,Jaipur,Urban Infrastructure,324.6,10.2,314.4,3.1,4,2,0,FALSE,In Progress,80,1082,04-07-2026,20-06-2029,36.1,0
PRJ1913,West Bengal,Durgapur,Railway Corridor,1982.1,651.9,1330.2,32.9,1,1,188,FALSE,Pending,887,1579,18-04-2024,14-08-2028,36.8,0
PRJ1914,Uttar Pradesh,Kanpur,Irrigation Canal,1869.7,109.8,1759.9,5.9,4,2,279,TRUE,Pending,687,1976,04-11-2024,03-04-2030,67.8,1
PRJ1915,Assam,Dibrugarh,Railway Corridor,1413,377.6,1035.4,26.7,0,0,213,TRUE,In Progress,554,1765,17-03-2025,15-01-2030,34.3,0
PRJ1916,Assam,Silchar,Power Transmission Line,114.9,101.6,13.3,88.4,0,0,201,FALSE,Completed,1328,1417,02-02-2023,20-12-2026,9.6,0
PRJ1917,Assam,Dibrugarh,Irrigation Canal,778.6,520,258.6,66.8,0,0,107,TRUE,Completed,1388,1689,04-12-2022,20-07-2027,25.2,0
PRJ1918,West Bengal,Asansol,Irrigation Canal,1202.9,400.9,802,33.3,2,1,129,FALSE,Completed,967,1417,29-01-2024,16-12-2027,18.8,0
PRJ1919,Odisha,Cuttack,Irrigation Canal,357.6,87.6,270,24.5,1,0,167,FALSE,Completed,636,1519,25-12-2024,21-02-2029,21.1,0
PRJ1920,Madhya Pradesh,Bhopal,Power Transmission Line,2847.4,1260.9,1586.5,44.3,3,1,90,FALSE,Completed,384,463,03-09-2025,10-12-2026,16.9,0
PRJ1921,Assam,Silchar,Power Transmission Line,1371.4,314.7,1056.7,22.9,5,0,200,FALSE,Completed,1253,1875,18-04-2023,05-06-2028,37.1,0
PRJ1922,West Bengal,Howrah,Railway Corridor,2546.4,1524.1,1022.3,59.9,1,1,178,TRUE,In Progress,1170,1071,10-07-2023,15-06-2026,37.7,0
PRJ1923,Madhya Pradesh,Jabalpur,Urban Infrastructure,896.7,231.9,664.8,25.9,3,1,110,FALSE,In Progress,280,418,16-12-2025,07-02-2027,26.6,0
PRJ1924,Uttar Pradesh,Kanpur,Railway Corridor,2172.5,883.9,1288.6,40.7,1,1,181,FALSE,Completed,856,1905,19-05-2024,06-08-2029,24.3,0
PRJ1925,Assam,Dibrugarh,Industrial Corridor,421.5,207.6,213.9,49.2,3,0,73,TRUE,Completed,984,1109,12-01-2024,25-01-2027,26.3,0
PRJ1926,Rajasthan,Udaipur,Irrigation Canal,783.6,196.7,586.9,25.1,5,2,237,TRUE,In Progress,936,1596,29-02-2024,13-07-2028,54,1
PRJ1927,West Bengal,Durgapur,Power Transmission Line,611,232.4,378.6,38,3,1,192,TRUE,In Progress,1157,1923,23-07-2023,27-10-2028,42.1,0
PRJ1928,Assam,Silchar,Irrigation Canal,154.5,11.3,143.2,7.3,2,1,124,FALSE,In Progress,311,1563,15-11-2025,25-02-2030,28.9,0
PRJ1929,Maharashtra,Aurangabad,Railway Corridor,2850.5,957,1893.5,33.6,3,5,299,TRUE,Completed,1091,1070,27-09-2023,01-09-2026,58.6,1
PRJ1930,West Bengal,Durgapur,Highway,495.1,495.1,0,100,0,2,147,FALSE,In Progress,1487,436,27-08-2022,06-11-2023,24,0
PRJ1931,Rajasthan,Kota,Urban Infrastructure,2768,912.1,1855.9,33,6,7,352,TRUE,Pending,1157,1543,23-07-2023,13-10-2027,76.4,1
PRJ1932,Assam,Silchar,Highway,1114.9,823.2,291.7,73.8,2,1,72,FALSE,Completed,978,826,18-01-2024,23-04-2026,14.3,0
PRJ1933,Uttar Pradesh,Agra,Power Transmission Line,237.4,97.9,139.5,41.3,1,0,33,FALSE,Completed,561,1358,10-03-2025,27-11-2028,5.9,0
PRJ1934,West Bengal,Durgapur,Railway Corridor,1625.9,133.5,1492.4,8.2,3,3,157,FALSE,Pending,231,1043,03-02-2026,12-12-2028,43.7,0
PRJ1935,Odisha,Bhubaneswar,Industrial Corridor,2332.5,606.7,1725.8,26,5,2,159,FALSE,Pending,700,1195,22-10-2024,30-01-2028,50.5,1
PRJ1936,Bihar,Bhagalpur,Highway,2680.1,227.4,2452.7,8.5,1,2,74,FALSE,In Progress,315,1797,11-11-2025,13-10-2030,36.6,0
PRJ1937,Maharashtra,Aurangabad,Power Transmission Line,207.7,4.2,203.5,2,7,2,160,FALSE,Pending,183,900,23-03-2026,08-09-2028,45.8,0
PRJ1938,Bihar,Bhagalpur,Railway Corridor,1123.1,1088,35.1,96.9,4,1,159,TRUE,In Progress,1029,431,28-11-2023,01-02-2025,41.9,0
PRJ1939,Assam,Silchar,Highway,2935.3,362.4,2572.9,12.3,8,0,356,FALSE,In Progress,1449,1644,04-10-2022,05-04-2027,31.6,0
PRJ1940,Uttar Pradesh,Varanasi,Power Transmission Line,1954.8,1954.8,0,100,2,0,90,FALSE,Completed,1005,635,22-12-2023,17-09-2025,4.3,0
PRJ1941,Maharashtra,Aurangabad,Urban Infrastructure,1104.9,243.4,861.5,22,1,3,258,TRUE,In Progress,1122,1576,27-08-2023,20-12-2027,54,1
PRJ1942,Odisha,Rourkela,Industrial Corridor,682.2,370.5,311.7,54.3,3,2,160,FALSE,In Progress,919,382,17-03-2024,03-04-2025,42.4,0
PRJ1943,West Bengal,Asansol,Urban Infrastructure,1511.8,1250.2,261.6,82.7,1,0,153,FALSE,In Progress,1103,500,15-09-2023,27-01-2025,8.4,0
PRJ1944,West Bengal,Howrah,Power Transmission Line,2173.3,1973.4,199.9,90.8,0,0,70,FALSE,Completed,1090,886,28-09-2023,02-03-2026,1.7,0
PRJ1945,West Bengal,Asansol,Railway Corridor,509.5,124.7,384.8,24.5,1,0,42,FALSE,Pending,576,1830,23-02-2025,27-02-2030,23.8,0
PRJ1946,Madhya Pradesh,Jabalpur,Irrigation Canal,354.9,113.5,241.4,32,0,0,26,FALSE,Completed,718,1674,04-10-2024,05-05-2029,18.5,0
PRJ1947,Bihar,Muzaffarpur,Industrial Corridor,904.8,510.2,394.6,56.4,1,1,161,FALSE,Completed,643,736,18-12-2024,24-12-2026,5.2,0
PRJ1948,West Bengal,Asansol,Power Transmission Line,2637.2,1341.3,1295.9,50.9,1,0,0,FALSE,In Progress,589,786,10-02-2025,07-04-2027,7.8,0
PRJ1949,Maharashtra,Thane,Industrial Corridor,1123.4,328.7,794.7,29.3,1,1,1,FALSE,Completed,477,906,02-06-2025,25-11-2027,12.5,0
PRJ1950,Rajasthan,Jodhpur,Railway Corridor,104.8,29.2,75.6,27.8,0,0,109,FALSE,Completed,154,434,21-04-2026,29-06-2027,14.1,0
PRJ1951,Rajasthan,Jodhpur,Highway,1957.1,39.1,1918,2,6,0,133,TRUE,In Progress,64,1021,20-07-2026,06-05-2029,56.6,1
PRJ1952,Assam,Guwahati,Railway Corridor,662.6,46.6,616,7,3,4,143,TRUE,In Progress,1056,1527,01-11-2023,06-01-2028,48.1,0
PRJ1953,West Bengal,Kolkata,Industrial Corridor,1387.4,416.6,970.8,30,4,3,296,TRUE,In Progress,1464,1831,19-09-2022,24-09-2027,58.4,1
PRJ1954,Maharashtra,Nagpur,Power Transmission Line,215.6,51.5,164.1,23.9,2,4,115,FALSE,Completed,862,1423,13-05-2024,05-04-2028,33.1,0
PRJ1955,Bihar,Muzaffarpur,Industrial Corridor,544.2,132.6,411.6,24.4,1,1,72,FALSE,In Progress,570,1733,01-03-2025,28-11-2029,37.8,0
PRJ1956,West Bengal,Asansol,Power Transmission Line,269.2,18.8,250.4,7,3,1,308,FALSE,In Progress,1011,1896,16-12-2023,23-02-2029,39.4,0
PRJ1957,Madhya Pradesh,Bhopal,Urban Infrastructure,2570,1814.6,755.4,70.6,0,1,211,FALSE,In Progress,1191,733,19-06-2023,21-06-2025,23.7,0
PRJ1958,Bihar,Gaya,Highway,259.4,35.9,223.5,13.8,2,5,160,FALSE,In Progress,953,1517,12-02-2024,08-04-2028,51.9,1
PRJ1959,Uttar Pradesh,Varanasi,Highway,672.5,26.6,645.9,3.9,1,1,82,TRUE,Pending,128,1445,17-05-2026,01-05-2030,56.5,1
PRJ1960,Maharashtra,Thane,Urban Infrastructure,390.5,59.5,331,15.2,2,1,232,TRUE,In Progress,1313,1648,17-02-2023,23-08-2027,42.5,0
PRJ1961,Bihar,Patna,Irrigation Canal,815.1,243.2,571.9,29.8,1,0,54,TRUE,Pending,643,1331,18-12-2024,10-08-2028,52.9,1
PRJ1962,Odisha,Rourkela,Power Transmission Line,2853,1792,1061,62.8,1,2,83,FALSE,Completed,832,822,12-06-2024,12-09-2026,16.4,0
PRJ1963,Assam,Guwahati,Industrial Corridor,449.4,357.2,92.2,79.5,2,2,20,TRUE,Completed,1458,1267,25-09-2022,15-03-2026,28.5,0
PRJ1964,Odisha,Bhubaneswar,Industrial Corridor,2102.5,1982.4,120.1,94.3,2,0,64,FALSE,Completed,1283,899,19-03-2023,03-09-2025,1,0
PRJ1965,Uttar Pradesh,Meerut,Industrial Corridor,2379.8,571.3,1808.5,24,2,0,26,FALSE,Completed,559,1449,12-03-2025,28-02-2029,16.5,0
PRJ1966,Bihar,Muzaffarpur,Highway,1931.5,61.7,1869.8,3.2,1,0,131,TRUE,Completed,98,1914,16-06-2026,12-09-2031,38.1,0
PRJ1967,Maharashtra,Pune,Railway Corridor,1054.4,1054.4,0,100,0,1,121,TRUE,In Progress,1085,718,03-10-2023,20-09-2025,13.7,0
PRJ1968,Rajasthan,Jodhpur,Industrial Corridor,645.4,462.8,182.6,71.7,2,2,182,FALSE,In Progress,1450,739,03-10-2022,11-10-2024,35.6,0
PRJ1969,Madhya Pradesh,Gwalior,Power Transmission Line,2143.9,260.7,1883.2,12.2,3,3,193,TRUE,Completed,374,1459,13-09-2025,11-09-2029,40.8,0
PRJ1970,Rajasthan,Jaipur,Power Transmission Line,761.6,108.9,652.7,14.3,7,4,179,FALSE,Completed,1330,1719,31-01-2023,16-10-2027,36.4,0
PRJ1971,Maharashtra,Nashik,Irrigation Canal,2500.7,967.5,1533.2,38.7,1,0,151,FALSE,Pending,860,1356,15-05-2024,31-01-2028,22.3,0
PRJ1972,West Bengal,Durgapur,Irrigation Canal,1867.1,363.2,1503.9,19.5,10,2,217,TRUE,In Progress,1461,1774,22-09-2022,01-08-2027,69.6,1
PRJ1973,Madhya Pradesh,Jabalpur,Urban Infrastructure,1860.1,86.4,1773.7,4.6,3,2,112,TRUE,In Progress,93,881,21-06-2026,18-11-2028,43.6,0
PRJ1974,Maharashtra,Aurangabad,Power Transmission Line,2740.5,840.6,1899.9,30.7,2,0,272,FALSE,Completed,1220,1237,21-05-2023,09-10-2026,32.8,0
PRJ1975,Uttar Pradesh,Varanasi,Irrigation Canal,2714.5,973.2,1741.3,35.9,3,2,105,FALSE,In Progress,466,662,13-06-2025,06-04-2027,18.7,0
PRJ1976,Madhya Pradesh,Jabalpur,Power Transmission Line,757.5,42.6,714.9,5.6,2,3,212,TRUE,Completed,230,1799,04-02-2026,08-01-2031,52.9,1
PRJ1977,Assam,Guwahati,Railway Corridor,579.9,71.3,508.6,12.3,2,2,309,FALSE,Completed,1300,1199,02-03-2023,13-06-2026,36.8,0
PRJ1978,Rajasthan,Kota,Railway Corridor,2604,808.7,1795.3,31.1,2,1,132,FALSE,In Progress,454,797,25-06-2025,31-08-2027,37,0
PRJ1979,Odisha,Rourkela,Urban Infrastructure,870.8,553.4,317.4,63.6,1,0,79,FALSE,In Progress,588,731,11-02-2025,12-02-2027,17.8,0
PRJ1980,Rajasthan,Udaipur,Irrigation Canal,1641.1,318.4,1322.7,19.4,4,2,259,TRUE,Pending,935,1183,01-03-2024,28-05-2027,67.4,1
PRJ1981,Rajasthan,Kota,Irrigation Canal,613.4,13.6,599.8,2.2,5,4,309,TRUE,In Progress,317,603,09-11-2025,05-07-2027,60.9,1
PRJ1982,Rajasthan,Jodhpur,Industrial Corridor,278.6,37.5,241.1,13.4,3,3,199,TRUE,In Progress,1029,809,28-11-2023,14-02-2026,45.9,0
PRJ1983,Maharashtra,Nagpur,Power Transmission Line,1766,1409.1,356.9,79.8,3,3,207,TRUE,Completed,1301,424,01-03-2023,28-04-2024,34.1,0
PRJ1984,Odisha,Rourkela,Industrial Corridor,710.6,322.1,388.5,45.3,4,2,151,FALSE,In Progress,1198,588,12-06-2023,20-01-2025,37.8,0
PRJ1985,Rajasthan,Udaipur,Power Transmission Line,1327.6,476.2,851.4,35.9,4,1,55,FALSE,In Progress,751,989,01-09-2024,18-05-2027,37.3,0
PRJ1986,Bihar,Bhagalpur,Power Transmission Line,1003.8,124.7,879.1,12.4,0,0,95,TRUE,In Progress,113,778,01-06-2026,18-07-2028,41.3,0
PRJ1987,Uttar Pradesh,Kanpur,Power Transmission Line,484,9.7,474.3,2,2,2,285,TRUE,In Progress,226,692,08-02-2026,01-01-2028,61.7,1
PRJ1988,Maharashtra,Thane,Urban Infrastructure,1763.1,269.4,1493.7,15.3,3,1,230,FALSE,Pending,1289,1722,13-03-2023,29-11-2027,39.7,0
PRJ1989,Rajasthan,Udaipur,Highway,2884.6,336.7,2547.9,11.7,2,2,101,TRUE,Completed,317,1439,09-11-2025,18-10-2029,45.1,0
PRJ1990,Maharashtra,Pune,Railway Corridor,527.3,401.3,126,76.1,2,0,128,FALSE,Completed,1082,657,06-10-2023,24-07-2025,6,0
PRJ1991,Odisha,Cuttack,Urban Infrastructure,2261,179.1,2081.9,7.9,5,0,260,TRUE,In Progress,1172,1025,08-07-2023,28-04-2026,63.4,1
PRJ1992,Bihar,Bhagalpur,Power Transmission Line,2057.8,994.7,1063.1,48.3,0,0,0,FALSE,In Progress,937,1645,28-02-2024,30-08-2028,28,0
PRJ1993,West Bengal,Howrah,Power Transmission Line,2086.8,273.1,1813.7,13.1,3,2,226,FALSE,In Progress,1045,1864,12-11-2023,19-12-2028,42.3,0
PRJ1994,Uttar Pradesh,Lucknow,Power Transmission Line,2893.9,352.7,2541.2,12.2,4,3,186,TRUE,Pending,689,1136,02-11-2024,13-12-2027,63.8,1
PRJ1995,Madhya Pradesh,Indore,Railway Corridor,2803.4,743,2060.4,26.5,1,1,128,FALSE,Completed,440,860,09-07-2025,16-11-2027,20.1,0
PRJ1996,Bihar,Gaya,Power Transmission Line,169.2,15.9,153.3,9.4,4,2,316,FALSE,Completed,237,591,28-01-2026,11-09-2027,41.1,0
PRJ1997,Uttar Pradesh,Lucknow,Urban Infrastructure,1890.2,424.1,1466.1,22.4,2,1,94,FALSE,Completed,452,1020,27-06-2025,12-04-2028,10.7,0
PRJ1998,Madhya Pradesh,Jabalpur,Power Transmission Line,2550.3,2550.3,0,100,4,2,47,TRUE,Completed,1200,503,10-06-2023,25-10-2024,26.3,0
PRJ1999,Assam,Silchar,Irrigation Canal,150.3,150.3,0,100,2,1,134,TRUE,In Progress,1496,842,18-08-2022,07-12-2024,40.2,0
PRJ2000,West Bengal,Durgapur,Railway Corridor,1531.7,907.5,624.2,59.2,0,0,112,FALSE,In Progress,1159,1929,21-07-2023,31-10-2028,14,0
PRJ2001,Uttar Pradesh,Agra,Highway,1701.8,511,1190.8,30,5,3,331,FALSE,Pending,979,588,17-01-2024,27-08-2025,52.7,1
PRJ2002,Madhya Pradesh,Indore,Power Transmission Line,2979.2,60.7,2918.5,2,2,2,236,TRUE,Pending,375,1789,12-09-2025,06-08-2030,63.1,1
PRJ2003,Assam,Silchar,Highway,2358,1083.9,1274.1,46,2,1,94,TRUE,Pending,992,1146,04-01-2024,23-02-2027,59.4,1
PRJ2004,Rajasthan,Jodhpur,Industrial Corridor,909,111.5,797.5,12.3,2,1,259,FALSE,In Progress,1382,1655,10-12-2022,22-06-2027,36.4,0
PRJ2005,Bihar,Patna,Railway Corridor,665.7,309.4,356.3,46.5,1,1,16,FALSE,Pending,1414,1691,08-11-2022,26-06-2027,15.8,0
PRJ2006,Assam,Guwahati,Industrial Corridor,170.5,11.7,158.8,6.9,3,1,170,FALSE,Completed,188,1804,18-03-2026,24-02-2031,30,0
PRJ2007,Assam,Guwahati,Industrial Corridor,884.2,136.8,747.4,15.5,1,0,140,FALSE,In Progress,158,967,17-04-2026,09-12-2028,19,0
PRJ2008,Odisha,Cuttack,Urban Infrastructure,569,74.9,494.1,13.2,0,0,78,FALSE,In Progress,272,1260,24-12-2025,06-06-2029,28.3,0
PRJ2009,Assam,Silchar,Irrigation Canal,2143.7,383.6,1760.1,17.9,1,2,86,FALSE,Completed,115,444,30-05-2026,17-08-2027,22.5,0
PRJ2010,West Bengal,Kolkata,Power Transmission Line,2010,627.2,1382.8,31.2,0,0,98,FALSE,In Progress,620,1334,10-01-2025,05-09-2028,21.5,0
PRJ2011,Odisha,Bhubaneswar,Urban Infrastructure,902.3,284.5,617.8,31.5,5,3,173,FALSE,In Progress,1452,1496,01-10-2022,05-11-2026,52.8,1
PRJ2012,Maharashtra,Aurangabad,Urban Infrastructure,351.3,51.3,300,14.6,4,4,193,TRUE,Pending,511,1107,29-04-2025,10-05-2028,60.8,1
PRJ2013,Rajasthan,Jodhpur,Industrial Corridor,674.7,663.9,10.8,98.4,1,0,0,FALSE,In Progress,1393,1536,29-11-2022,12-02-2027,1,0
PRJ2014,Rajasthan,Jaipur,Power Transmission Line,707.1,92.7,614.4,13.1,2,1,153,TRUE,In Progress,407,1520,11-08-2025,09-10-2029,36.6,0
PRJ2015,Uttar Pradesh,Varanasi,Industrial Corridor,1051.8,35.5,1016.3,3.4,1,1,56,FALSE,In Progress,77,1516,07-07-2026,31-08-2030,27.9,0
PRJ2016,Odisha,Bhubaneswar,Highway,981.7,172.8,808.9,17.6,1,0,270,TRUE,In Progress,1374,1658,18-12-2022,03-07-2027,36.1,0
PRJ2017,Uttar Pradesh,Lucknow,Railway Corridor,2518.1,1004.4,1513.7,39.9,1,0,228,FALSE,Completed,1124,1032,25-08-2023,22-06-2026,24.9,0
PRJ2018,Rajasthan,Kota,Railway Corridor,1772.3,372.9,1399.4,21,1,1,304,TRUE,In Progress,652,748,09-12-2024,27-12-2026,45.3,0
PRJ2019,Assam,Dibrugarh,Irrigation Canal,1484.5,1484.5,0,100,2,0,71,FALSE,Completed,1220,553,21-05-2023,24-11-2024,1,0
PRJ2020,Maharashtra,Aurangabad,Railway Corridor,466.1,45.1,421,9.7,5,1,274,FALSE,Pending,108,471,06-06-2026,20-09-2027,57.5,1
PRJ2021,Assam,Guwahati,Highway,1886.2,1886.2,0,100,2,0,2,FALSE,Completed,1269,469,02-04-2023,14-07-2024,15.2,0
PRJ2022,Maharashtra,Nashik,Industrial Corridor,84.5,38.5,46,45.6,3,3,121,FALSE,In Progress,367,513,20-09-2025,15-02-2027,30.1,0
PRJ2023,Assam,Guwahati,Industrial Corridor,2628.9,331.3,2297.6,12.6,2,0,85,FALSE,Completed,424,1690,25-07-2025,11-03-2030,25.8,0
PRJ2024,Odisha,Bhubaneswar,Highway,475.6,253.6,222,53.3,0,3,0,TRUE,In Progress,1209,1635,01-06-2023,22-11-2027,37.4,0
PRJ2025,Bihar,Patna,Railway Corridor,2849.6,401.2,2448.4,14.1,1,1,70,FALSE,Pending,238,974,27-01-2026,27-09-2028,28,0
PRJ2026,Maharashtra,Nashik,Power Transmission Line,1539.6,199.1,1340.5,12.9,3,0,90,FALSE,Completed,443,1672,06-07-2025,02-02-2030,19.2,0
PRJ2027,Maharashtra,Thane,Urban Infrastructure,2545,2116.2,428.8,83.2,0,0,102,FALSE,Completed,1221,815,20-05-2023,12-08-2025,7.4,0
PRJ2028,Uttar Pradesh,Varanasi,Power Transmission Line,1536,627.4,908.6,40.8,2,6,101,TRUE,In Progress,556,585,15-03-2025,21-10-2026,57.6,1
PRJ2029,West Bengal,Asansol,Power Transmission Line,1411.8,161.4,1250.4,11.4,3,0,52,TRUE,Completed,375,1660,12-09-2025,30-03-2030,38.1,0
PRJ2030,Madhya Pradesh,Indore,Industrial Corridor,942.2,942.2,0,100,1,0,64,TRUE,In Progress,645,467,16-12-2024,28-03-2026,10.3,0
PRJ2031,Maharashtra,Aurangabad,Urban Infrastructure,1393.7,122.4,1271.3,8.8,3,0,203,FALSE,In Progress,364,1583,23-09-2025,23-01-2030,31.9,0
PRJ2032,Rajasthan,Udaipur,Power Transmission Line,2167.6,2167.6,0,100,0,1,128,FALSE,In Progress,1375,401,17-12-2022,22-01-2024,7.9,0
PRJ2033,Assam,Dibrugarh,Power Transmission Line,2205.2,412.8,1792.4,18.7,7,1,352,TRUE,In Progress,934,626,02-03-2024,18-11-2025,61.8,1
PRJ2034,Assam,Guwahati,Urban Infrastructure,2592.2,629.3,1962.9,24.3,4,1,166,FALSE,Pending,393,965,25-08-2025,16-04-2028,41.5,0
PRJ2035,Rajasthan,Jaipur,Urban Infrastructure,2647.8,558.1,2089.7,21.1,0,0,282,FALSE,In Progress,1009,1617,18-12-2023,22-05-2028,37,0
PRJ2036,West Bengal,Howrah,Industrial Corridor,567,70.9,496.1,12.5,7,1,315,FALSE,Pending,413,1301,05-08-2025,26-02-2029,57.1,1
PRJ2037,Rajasthan,Kota,Railway Corridor,2349.1,850.5,1498.6,36.2,2,0,128,FALSE,In Progress,1019,962,08-12-2023,27-07-2026,30,0
PRJ2038,Maharashtra,Nashik,Industrial Corridor,473.3,96.8,376.5,20.5,1,2,286,FALSE,Pending,794,1166,20-07-2024,29-09-2027,52.5,1
PRJ2039,West Bengal,Kolkata,Highway,1655.5,334.8,1320.7,20.2,2,4,157,FALSE,In Progress,430,1084,19-07-2025,07-07-2028,51.8,1
PRJ2040,Madhya Pradesh,Bhopal,Power Transmission Line,2563.4,2563.4,0,100,0,0,141,FALSE,Completed,1303,649,27-02-2023,07-12-2024,15.3,0
PRJ2041,Rajasthan,Jodhpur,Irrigation Canal,2828.1,1388.1,1440,49.1,2,3,62,FALSE,Completed,1234,1369,07-05-2023,04-02-2027,25.2,0
PRJ2042,Rajasthan,Jaipur,Railway Corridor,1983,275.4,1707.6,13.9,4,2,182,TRUE,Completed,126,390,19-05-2026,13-06-2027,50.1,1
PRJ2043,Odisha,Rourkela,Highway,2288.1,148,2140.1,6.5,1,5,277,TRUE,In Progress,330,708,27-10-2025,05-10-2027,60.1,1
PRJ2044,Assam,Silchar,Highway,1516.5,72.6,1443.9,4.8,3,1,124,TRUE,In Progress,144,1739,01-05-2026,03-02-2031,42,0
PRJ2045,Madhya Pradesh,Indore,Urban Infrastructure,2533,1273.1,1259.9,50.3,2,0,100,FALSE,Completed,954,1149,11-02-2024,05-04-2027,3.6,0
PRJ2046,Maharashtra,Pune,Highway,2889.8,184.5,2705.3,6.4,4,3,337,FALSE,Pending,502,1126,08-05-2025,07-06-2028,49.3,0
PRJ2047,Madhya Pradesh,Indore,Highway,2544.9,927,1617.9,36.4,2,0,100,FALSE,In Progress,1369,1521,23-12-2022,21-02-2027,33.8,0
PRJ2048,Rajasthan,Udaipur,Power Transmission Line,981.7,134.9,846.8,13.7,4,3,191,FALSE,Completed,746,1986,06-09-2024,13-02-2030,34.9,0
PRJ2049,West Bengal,Kolkata,Urban Infrastructure,1135.3,597.6,537.7,52.6,5,1,102,FALSE,Pending,813,663,01-07-2024,25-04-2026,34.9,0
PRJ2050,Assam,Guwahati,Railway Corridor,2989.8,800.8,2189,26.8,2,0,90,FALSE,In Progress,656,1343,05-12-2024,09-08-2028,25.8,0
PRJ2051,Madhya Pradesh,Gwalior,Railway Corridor,1043.5,37.9,1005.6,3.6,3,2,226,FALSE,Completed,78,1446,06-07-2026,21-06-2030,35.2,0
PRJ2052,Madhya Pradesh,Indore,Power Transmission Line,923.2,745.6,177.6,80.8,0,0,0,FALSE,In Progress,1463,1498,20-09-2022,27-10-2026,1,0
PRJ2053,Madhya Pradesh,Jabalpur,Highway,705.5,150,555.5,21.3,1,0,95,FALSE,Completed,476,1790,03-06-2025,28-04-2030,18.2,0
PRJ2054,Odisha,Cuttack,Industrial Corridor,461.2,183.7,277.5,39.8,6,1,320,TRUE,Completed,734,498,18-09-2024,29-01-2026,53.5,1
PRJ2055,Uttar Pradesh,Meerut,Highway,1620.6,392.3,1228.3,24.2,4,1,190,TRUE,Completed,206,507,28-02-2026,20-07-2027,49,0
PRJ2056,West Bengal,Durgapur,Railway Corridor,754.1,63.3,690.8,8.4,1,2,0,TRUE,In Progress,241,1742,24-01-2026,01-11-2030,35.4,0
PRJ2057,Rajasthan,Kota,Power Transmission Line,2832.4,1148,1684.4,40.5,2,2,138,TRUE,In Progress,946,1005,19-02-2024,20-11-2026,47.6,0
PRJ2058,Maharashtra,Aurangabad,Highway,1073.4,594.6,478.8,55.4,5,4,93,FALSE,In Progress,1451,1108,02-10-2022,14-10-2025,32.9,0
PRJ2059,Uttar Pradesh,Kanpur,Highway,166.8,41.8,125,25,2,1,375,TRUE,In Progress,1137,1169,12-08-2023,24-10-2026,47.2,0
PRJ2060,Assam,Guwahati,Irrigation Canal,2005.8,688.8,1317,34.3,4,1,191,FALSE,In Progress,988,1847,08-01-2024,28-01-2029,32.5,0
PRJ2061,Assam,Silchar,Highway,143.3,40.8,102.5,28.5,1,0,63,FALSE,Completed,462,1257,17-06-2025,25-11-2028,27.1,0
PRJ2062,Uttar Pradesh,Lucknow,Industrial Corridor,213.1,69.6,143.5,32.7,3,1,226,FALSE,Completed,294,631,02-12-2025,25-08-2027,25.5,0
PRJ2063,Bihar,Muzaffarpur,Industrial Corridor,2171.9,51.6,2120.3,2.4,4,3,215,FALSE,Pending,491,1311,19-05-2025,20-12-2028,48.9,0
PRJ2064,Odisha,Rourkela,Power Transmission Line,1366.7,507.6,859.1,37.1,2,3,163,FALSE,In Progress,1196,1059,14-06-2023,08-05-2026,35.2,0
PRJ2065,Uttar Pradesh,Agra,Irrigation Canal,2170.6,634.3,1536.3,29.2,1,2,79,FALSE,Pending,697,1677,25-10-2024,29-05-2029,34.9,0
PRJ2066,Rajasthan,Jaipur,Railway Corridor,2330.8,393.3,1937.5,16.9,1,0,88,TRUE,Pending,249,938,16-01-2026,11-08-2028,43.6,0
PRJ2067,Bihar,Muzaffarpur,Railway Corridor,2762.2,1209.3,1552.9,43.8,1,0,28,FALSE,In Progress,715,1395,07-10-2024,02-08-2028,22.5,0
PRJ2068,Assam,Dibrugarh,Irrigation Canal,2893.6,239.4,2654.2,8.3,0,1,0,FALSE,In Progress,65,687,19-07-2026,05-06-2028,24.1,0
PRJ2069,Odisha,Bhubaneswar,Highway,1019.6,471.1,548.5,46.2,2,1,104,FALSE,Completed,316,494,10-11-2025,19-03-2027,9.4,0
PRJ2070,Uttar Pradesh,Varanasi,Industrial Corridor,1893.9,1893.9,0,100,3,1,163,FALSE,Pending,1419,460,03-11-2022,06-02-2024,30.7,0
PRJ2071,Odisha,Bhubaneswar,Highway,1085,271.1,813.9,25,2,2,241,FALSE,Pending,1373,1661,19-12-2022,07-07-2027,37.3,0
PRJ2072,Uttar Pradesh,Kanpur,Urban Infrastructure,1040.5,79.4,961.1,7.6,2,0,210,FALSE,In Progress,192,1213,14-03-2026,09-07-2029,29.4,0
PRJ2073,West Bengal,Durgapur,Industrial Corridor,1782.8,70.6,1712.2,4,8,6,327,FALSE,Pending,1247,1545,24-04-2023,17-07-2027,62.2,1
PRJ2074,Madhya Pradesh,Jabalpur,Urban Infrastructure,2749,2434.7,314.3,88.6,1,2,180,FALSE,Completed,959,755,06-02-2024,02-03-2026,8,0
PRJ2075,Assam,Guwahati,Highway,1902.8,38.1,1864.7,2,6,5,284,FALSE,Pending,310,1040,16-11-2025,21-09-2028,51.8,1
PRJ2076,Rajasthan,Jodhpur,Irrigation Canal,1104,160.5,943.5,14.5,4,0,218,TRUE,In Progress,923,1223,13-03-2024,19-07-2027,52.6,1
PRJ2077,Odisha,Rourkela,Irrigation Canal,327.8,237.6,90.2,72.5,4,3,169,FALSE,Completed,1454,713,29-09-2022,11-09-2024,16.3,0
PRJ2078,Bihar,Bhagalpur,Highway,436,130.2,305.8,29.9,1,0,20,TRUE,Completed,352,832,05-10-2025,15-01-2028,27.8,0
PRJ2079,Assam,Dibrugarh,Power Transmission Line,1968,636.1,1331.9,32.3,0,3,63,FALSE,In Progress,877,1207,28-04-2024,18-08-2027,28.8,0
PRJ2080,West Bengal,Howrah,Urban Infrastructure,2096.1,225.2,1870.9,10.7,1,0,229,FALSE,In Progress,350,1950,07-10-2025,08-02-2031,43,0
PRJ2081,West Bengal,Durgapur,Highway,2228.3,1192.1,1036.2,53.5,2,0,50,FALSE,In Progress,1170,1327,10-07-2023,26-02-2027,20.7,0
PRJ2082,Uttar Pradesh,Meerut,Highway,2472.5,2173,299.5,87.9,4,4,130,TRUE,In Progress,1035,671,22-11-2023,23-09-2025,52.3,1
PRJ2083,Assam,Dibrugarh,Irrigation Canal,1967,227.3,1739.7,11.6,9,1,259,TRUE,Pending,579,1379,20-02-2025,30-11-2028,64.1,1
PRJ2084,Bihar,Gaya,Railway Corridor,1126.3,1126.3,0,100,2,2,192,TRUE,Completed,1138,484,11-08-2023,07-12-2024,34.8,0
PRJ2085,Madhya Pradesh,Gwalior,Urban Infrastructure,2538.3,1222.3,1316,48.2,4,1,101,FALSE,Completed,1239,1435,02-05-2023,06-04-2027,19.7,0
PRJ2086,West Bengal,Durgapur,Railway Corridor,2242.1,288.9,1953.2,12.9,2,3,159,FALSE,In Progress,115,409,30-05-2026,13-07-2027,26.9,0
PRJ2087,Odisha,Rourkela,Power Transmission Line,872.5,318.2,554.3,36.5,3,3,164,TRUE,Completed,1470,1177,13-09-2022,03-12-2025,32.6,0
PRJ2088,Assam,Guwahati,Railway Corridor,374.1,32.7,341.4,8.7,2,0,68,FALSE,In Progress,83,499,01-07-2026,12-11-2027,38.7,0
PRJ2089,Rajasthan,Jaipur,Irrigation Canal,1539.8,1399.3,140.5,90.9,1,0,113,TRUE,Completed,984,900,12-01-2024,30-06-2026,19.6,0
PRJ2090,Assam,Dibrugarh,Urban Infrastructure,2989.4,2008.9,980.5,67.2,1,1,120,FALSE,Pending,1413,1927,09-11-2022,18-02-2028,20.4,0
PRJ2091,Bihar,Bhagalpur,Irrigation Canal,667,113,554,16.9,7,3,164,FALSE,In Progress,765,945,18-08-2024,21-03-2027,53.6,1
PRJ2092,Madhya Pradesh,Bhopal,Irrigation Canal,2477.4,1858.4,619,75,1,5,149,FALSE,Completed,1399,1013,23-11-2022,01-09-2025,24.7,0
PRJ2093,Bihar,Patna,Urban Infrastructure,1761,986.8,774.2,56,5,1,361,FALSE,Completed,797,468,17-07-2024,28-10-2025,25.5,0
PRJ2094,Uttar Pradesh,Agra,Urban Infrastructure,1428.7,862.4,566.3,60.4,0,0,18,FALSE,Completed,1311,1462,19-02-2023,20-02-2027,15.2,0
PRJ2095,Assam,Dibrugarh,Power Transmission Line,1278,278,1000,21.8,1,1,82,FALSE,In Progress,725,1921,27-09-2024,31-12-2029,21.2,0
PRJ2096,West Bengal,Howrah,Highway,2533.8,916.6,1617.2,36.2,3,3,135,FALSE,In Progress,1155,1522,25-07-2023,24-09-2027,32.4,0
PRJ2097,Madhya Pradesh,Jabalpur,Urban Infrastructure,1297.9,666.2,631.7,51.3,0,0,10,FALSE,In Progress,407,677,11-08-2025,19-06-2027,8.6,0
PRJ2098,Bihar,Gaya,Irrigation Canal,2343.2,310.8,2032.4,13.3,1,1,138,FALSE,Completed,330,1893,27-10-2025,02-01-2031,23.1,0
PRJ2099,West Bengal,Howrah,Power Transmission Line,1548,584.6,963.4,37.8,1,3,74,FALSE,In Progress,632,992,29-12-2024,17-09-2027,30.5,0
PRJ2100,Assam,Guwahati,Power Transmission Line,626.1,191.7,434.4,30.6,2,0,86,FALSE,Completed,895,921,10-04-2024,18-10-2026,15,0
PRJ2101,Odisha,Bhubaneswar,Highway,2336.3,349.4,1986.9,15,2,1,161,FALSE,In Progress,888,1715,17-04-2024,27-12-2028,46.4,0
PRJ2102,Madhya Pradesh,Gwalior,Industrial Corridor,703.9,311.7,392.2,44.3,5,1,99,TRUE,Pending,1079,759,09-10-2023,06-11-2025,53.6,1
PRJ2103,Bihar,Bhagalpur,Irrigation Canal,920.2,90.1,830.1,9.8,2,1,107,FALSE,In Progress,166,1030,09-04-2026,02-02-2029,28.5,0
PRJ2104,West Bengal,Howrah,Urban Infrastructure,853.7,752.3,101.4,88.1,0,1,35,TRUE,In Progress,796,808,18-07-2024,04-10-2026,22.2,0
PRJ2105,Maharashtra,Thane,Power Transmission Line,2820.3,446.6,2373.7,15.8,4,2,220,TRUE,Pending,616,1241,14-01-2025,08-06-2028,50.7,1
PRJ2106,Bihar,Bhagalpur,Railway Corridor,2600.9,1506.2,1094.7,57.9,3,1,226,FALSE,Completed,902,805,03-04-2024,17-06-2026,16.9,0
PRJ2107,Uttar Pradesh,Agra,Railway Corridor,2143.3,42.9,2100.4,2,1,2,301,TRUE,Pending,242,1463,23-01-2026,25-01-2030,57.4,1
PRJ2108,West Bengal,Kolkata,Urban Infrastructure,2599,866.3,1732.7,33.3,3,2,109,FALSE,Pending,818,835,26-06-2024,09-10-2026,34.3,0
PRJ2109,Bihar,Patna,Highway,644.5,210.9,433.6,32.7,2,2,177,TRUE,Completed,451,604,28-06-2025,22-02-2027,40.9,0
PRJ2110,Odisha,Bhubaneswar,Power Transmission Line,2675.7,286.2,2389.5,10.7,4,3,139,FALSE,Completed,576,1845,23-02-2025,14-03-2030,32.2,0
PRJ2111,Madhya Pradesh,Jabalpur,Irrigation Canal,1238.9,583.7,655.2,47.1,2,2,140,TRUE,In Progress,1313,1413,17-02-2023,31-12-2026,33.7,0
PRJ2112,Madhya Pradesh,Bhopal,Industrial Corridor,882.2,415.4,466.8,47.1,0,2,57,FALSE,Completed,442,517,07-07-2025,06-12-2026,1,0
PRJ2113,Assam,Silchar,Irrigation Canal,800.4,800.4,0,100,4,0,66,FALSE,In Progress,1430,489,23-10-2022,24-02-2024,24.5,0
PRJ2114,Bihar,Patna,Industrial Corridor,1110.4,1110.4,0,100,3,0,51,FALSE,Pending,851,663,24-05-2024,18-03-2026,24.9,0
PRJ2115,Maharashtra,Nagpur,Industrial Corridor,1467.1,29.3,1437.8,2,3,2,315,TRUE,Pending,119,1619,26-05-2026,31-10-2030,62.5,1
PRJ2116,Rajasthan,Kota,Power Transmission Line,2160.3,1845.8,314.5,85.4,1,1,164,FALSE,In Progress,1256,876,15-04-2023,07-09-2025,25.4,0
PRJ2117,Odisha,Bhubaneswar,Irrigation Canal,1310.6,89.9,1220.7,6.9,3,4,252,TRUE,In Progress,224,451,10-02-2026,07-05-2027,61.5,1
PRJ2118,Odisha,Bhubaneswar,Urban Infrastructure,2052.7,370.9,1681.8,18.1,4,3,150,TRUE,Completed,1406,1072,16-11-2022,23-10-2025,39.1,0
PRJ2119,Uttar Pradesh,Varanasi,Highway,927.3,163.7,763.6,17.7,2,0,129,FALSE,Completed,343,1965,14-10-2025,02-03-2031,25.6,0
PRJ2120,Assam,Guwahati,Railway Corridor,2644.6,251.9,2392.7,9.5,2,2,169,FALSE,Completed,871,1668,04-05-2024,27-11-2028,33.9,0
PRJ2121,Assam,Guwahati,Highway,1935.5,673,1262.5,34.8,3,1,17,TRUE,In Progress,849,1507,26-05-2024,11-07-2028,30.7,0
PRJ2122,Bihar,Muzaffarpur,Industrial Corridor,2022.4,178.1,1844.3,8.8,2,2,195,FALSE,In Progress,481,1380,29-05-2025,09-03-2029,39.9,0
PRJ2123,West Bengal,Asansol,Urban Infrastructure,2249.7,247.2,2002.5,11,4,3,265,FALSE,In Progress,1175,1426,05-07-2023,31-05-2027,39.8,0
PRJ2124,Rajasthan,Udaipur,Industrial Corridor,1126.1,1126.1,0,100,1,0,18,FALSE,Pending,1107,389,11-09-2023,04-10-2024,3.7,0
PRJ2125,Bihar,Muzaffarpur,Irrigation Canal,1407.4,690.6,716.8,49.1,2,0,0,FALSE,Completed,994,1987,02-01-2024,11-06-2029,17,0
PRJ2126,Madhya Pradesh,Gwalior,Railway Corridor,2520,1744.2,775.8,69.2,1,1,21,FALSE,In Progress,804,742,10-07-2024,22-07-2026,12.1,0
PRJ2127,Bihar,Gaya,Railway Corridor,2919.6,1322.7,1596.9,45.3,3,0,133,FALSE,Completed,1270,1738,01-04-2023,03-01-2028,27.4,0
PRJ2128,Rajasthan,Kota,Railway Corridor,1515.5,379.4,1136.1,25,2,7,168,TRUE,Pending,322,456,04-11-2025,03-02-2027,59.4,1
PRJ2129,Rajasthan,Jodhpur,Railway Corridor,773.8,169.6,604.2,21.9,0,0,107,TRUE,In Progress,607,1810,23-01-2025,07-01-2030,52,1
PRJ2130,Rajasthan,Kota,Power Transmission Line,1151.9,196.2,955.7,17,1,3,149,TRUE,In Progress,573,1568,26-02-2025,13-06-2029,53.5,1
PRJ2131,Odisha,Bhubaneswar,Irrigation Canal,203,27.4,175.6,13.5,6,2,133,FALSE,Pending,524,1859,16-04-2025,19-05-2030,35.7,0
PRJ2132,Assam,Dibrugarh,Irrigation Canal,2706,938.4,1767.6,34.7,2,3,233,TRUE,Completed,1494,372,20-08-2022,27-08-2023,46.5,0
PRJ2133,Uttar Pradesh,Meerut,Irrigation Canal,1825.3,535.7,1289.6,29.4,0,2,89,FALSE,In Progress,366,811,21-09-2025,11-12-2027,21.9,0
PRJ2134,Madhya Pradesh,Bhopal,Irrigation Canal,2431.4,134.1,2297.3,5.5,4,3,269,TRUE,Pending,175,1354,31-03-2026,14-12-2029,56.3,1
PRJ2135,Rajasthan,Udaipur,Urban Infrastructure,2796,303,2493,10.8,1,2,90,TRUE,Completed,561,1249,10-03-2025,10-08-2028,44.1,0
PRJ2136,Odisha,Bhubaneswar,Industrial Corridor,1197.5,118.2,1079.3,9.9,3,0,104,TRUE,Pending,354,1802,03-10-2025,09-09-2030,49.7,0
PRJ2137,Uttar Pradesh,Varanasi,Irrigation Canal,2123.1,64.1,2059,3,4,3,164,TRUE,In Progress,91,1092,23-06-2026,19-06-2029,65.2,1
PRJ2138,Rajasthan,Udaipur,Railway Corridor,2244.9,461.5,1783.4,20.6,2,2,195,TRUE,Pending,687,1868,04-11-2024,16-12-2029,56.2,1
PRJ2139,West Bengal,Asansol,Urban Infrastructure,92.6,21.2,71.4,22.8,6,4,257,TRUE,Completed,744,458,08-09-2024,10-12-2025,48,0
PRJ2140,West Bengal,Asansol,Power Transmission Line,2519.2,312.7,2206.5,12.4,7,0,299,FALSE,In Progress,1460,1529,23-09-2022,30-11-2026,43.2,0
PRJ2141,Madhya Pradesh,Indore,Irrigation Canal,943.8,216.4,727.4,22.9,2,0,103,TRUE,Completed,647,1829,14-12-2024,17-12-2029,43.5,0
PRJ2142,Maharashtra,Nashik,Power Transmission Line,2309.3,751.6,1557.7,32.5,5,4,212,TRUE,Completed,1080,1188,08-10-2023,08-01-2027,39.3,0
PRJ2143,Odisha,Rourkela,Railway Corridor,136.6,84.1,52.5,61.6,0,0,98,TRUE,Completed,1058,1275,30-10-2023,27-04-2027,18,0
PRJ2144,Madhya Pradesh,Indore,Irrigation Canal,1394.8,317.8,1077,22.8,1,2,102,TRUE,Completed,648,1542,13-12-2024,04-03-2029,29.2,0
PRJ2145,Rajasthan,Kota,Industrial Corridor,2880.4,1156,1724.4,40.1,1,1,255,FALSE,Completed,910,1565,26-03-2024,08-07-2028,27.1,0
PRJ2146,Assam,Guwahati,Highway,2071.3,180.1,1891.2,8.7,3,4,194,TRUE,In Progress,505,1485,05-05-2025,29-05-2029,57.3,1
PRJ2147,Uttar Pradesh,Varanasi,Irrigation Canal,2141.9,620.9,1521,29,1,1,233,FALSE,Completed,892,767,13-04-2024,20-05-2026,14.6,0
PRJ2148,Bihar,Muzaffarpur,Highway,1950.1,1008.7,941.4,51.7,1,0,151,FALSE,Completed,1103,1294,15-09-2023,01-04-2027,12.4,0
PRJ2149,Rajasthan,Udaipur,Railway Corridor,1827.1,1360.1,467,74.4,3,2,252,TRUE,Pending,1356,833,05-01-2023,17-04-2025,49.9,0
PRJ2150,Odisha,Bhubaneswar,Urban Infrastructure,2964.8,1979.8,985,66.8,1,2,63,TRUE,In Progress,856,736,19-05-2024,25-05-2026,29,0
PRJ2151,West Bengal,Howrah,Highway,758.2,195.3,562.9,25.8,4,2,319,TRUE,Completed,529,482,11-04-2025,06-08-2026,53.7,1
PRJ2152,Assam,Silchar,Urban Infrastructure,165.5,130.3,35.2,78.7,3,1,23,FALSE,Completed,953,756,12-02-2024,09-03-2026,15.4,0
PRJ2153,Assam,Dibrugarh,Urban Infrastructure,1367.4,30.4,1337,2.2,6,2,156,TRUE,In Progress,117,1361,28-05-2026,17-02-2030,57.3,1
PRJ2154,Odisha,Rourkela,Industrial Corridor,661.8,32.7,629.1,4.9,4,2,331,TRUE,Completed,171,1110,04-04-2026,18-04-2029,44.9,0
PRJ2155,Madhya Pradesh,Indore,Power Transmission Line,991.2,731.6,259.6,73.8,0,0,151,FALSE,Completed,689,704,02-11-2024,07-10-2026,2.6,0
PRJ2156,Madhya Pradesh,Bhopal,Power Transmission Line,425.4,337,88.4,79.2,0,2,81,FALSE,Pending,466,502,13-06-2025,28-10-2026,20.7,0
PRJ2157,Bihar,Gaya,Industrial Corridor,1344.6,60.5,1284.1,4.5,0,0,170,TRUE,In Progress,148,1573,27-04-2026,17-08-2030,46.8,0
PRJ2158,Assam,Guwahati,Power Transmission Line,1259.7,373,886.7,29.6,0,0,1,FALSE,In Progress,897,1838,08-04-2024,20-04-2029,29.5,0
PRJ2159,Odisha,Cuttack,Urban Infrastructure,244.2,99.1,145.1,40.6,3,3,227,FALSE,In Progress,1374,1280,18-12-2022,20-06-2026,35,0
PRJ2160,West Bengal,Durgapur,Urban Infrastructure,2072.5,1013.2,1059.3,48.9,0,0,6,FALSE,Completed,431,938,18-07-2025,11-02-2028,13.7,0
PRJ2161,West Bengal,Durgapur,Urban Infrastructure,1845.6,353.4,1492.2,19.1,0,0,15,FALSE,Pending,563,1943,08-03-2025,03-07-2030,26.7,0
PRJ2162,Bihar,Muzaffarpur,Industrial Corridor,421.4,101.7,319.7,24.1,2,2,132,FALSE,In Progress,932,1550,04-03-2024,01-06-2028,37.4,0
PRJ2163,Uttar Pradesh,Lucknow,Irrigation Canal,1755.7,375.8,1379.9,21.4,5,2,188,FALSE,In Progress,560,1410,11-03-2025,19-01-2029,41.8,0
PRJ2164,Uttar Pradesh,Lucknow,Irrigation Canal,193.1,44.1,149,22.8,2,3,104,FALSE,In Progress,740,1364,12-09-2024,07-06-2028,36.8,0
PRJ2165,Bihar,Muzaffarpur,Irrigation Canal,1882.4,459.7,1422.7,24.4,1,1,93,FALSE,In Progress,865,1815,10-05-2024,29-04-2029,33.4,0
PRJ2166,Madhya Pradesh,Jabalpur,Railway Corridor,639.5,74.5,565,11.7,6,1,240,FALSE,In Progress,576,1536,23-02-2025,09-05-2029,26,0
PRJ2167,Maharashtra,Aurangabad,Railway Corridor,1244.5,982.1,262.4,78.9,3,3,214,FALSE,In Progress,1285,679,17-03-2023,24-01-2025,33.8,0
PRJ2168,Uttar Pradesh,Agra,Irrigation Canal,2825.5,2254.7,570.8,79.8,1,1,28,TRUE,Completed,1158,856,22-07-2023,24-11-2025,3.9,0
PRJ2169,Assam,Dibrugarh,Railway Corridor,1876.4,119.7,1756.7,6.4,6,2,367,TRUE,In Progress,765,1079,18-08-2024,02-08-2027,65.2,1
PRJ2170,Madhya Pradesh,Bhopal,Industrial Corridor,2497.2,1462,1035.2,58.5,2,0,179,FALSE,Pending,1067,816,21-10-2023,14-01-2026,27,0
PRJ2171,Madhya Pradesh,Bhopal,Railway Corridor,223,29.4,193.6,13.2,3,1,210,FALSE,In Progress,524,1603,16-04-2025,05-09-2029,39.1,0
PRJ2172,Uttar Pradesh,Meerut,Irrigation Canal,1789.6,78.4,1711.2,4.4,5,3,274,FALSE,Completed,99,876,15-06-2026,07-11-2028,39.5,0
PRJ2173,Assam,Guwahati,Urban Infrastructure,2843.3,298.9,2544.4,10.5,1,0,97,FALSE,In Progress,163,771,12-04-2026,22-05-2028,25.5,0
PRJ2174,Bihar,Patna,Railway Corridor,2330.8,264.8,2066,11.4,2,1,84,TRUE,Completed,135,890,10-05-2026,16-10-2028,39.7,0
PRJ2175,Odisha,Cuttack,Railway Corridor,1836,1604.5,231.5,87.4,2,0,51,TRUE,In Progress,909,441,27-03-2024,11-06-2025,29.2,0
PRJ2176,Rajasthan,Jodhpur,Irrigation Canal,1957.4,1194.5,762.9,61,0,2,210,FALSE,Pending,905,1020,31-03-2024,15-01-2027,26.2,0
PRJ2177,Rajasthan,Jaipur,Urban Infrastructure,1905.1,1905.1,0,100,0,0,103,FALSE,In Progress,1273,651,29-03-2023,08-01-2025,16.5,0
PRJ2178,Maharashtra,Thane,Power Transmission Line,1957.9,509.1,1448.8,26,2,3,68,FALSE,Completed,974,1687,22-01-2024,04-09-2028,28.2,0
PRJ2179,Rajasthan,Kota,Power Transmission Line,692.6,112.5,580.1,16.2,1,3,92,TRUE,In Progress,371,1155,16-09-2025,14-11-2028,54.4,1
PRJ2180,Assam,Silchar,Urban Infrastructure,2445.5,55.2,2390.3,2.3,5,2,272,TRUE,Pending,201,1476,05-03-2026,20-03-2030,61.3,1
PRJ2181,Maharashtra,Thane,Irrigation Canal,2905.8,2905.8,0,100,1,0,57,FALSE,In Progress,750,596,02-09-2024,21-04-2026,10.6,0
PRJ2182,Bihar,Gaya,Power Transmission Line,2267.8,1959.9,307.9,86.4,0,2,121,TRUE,Completed,1437,836,16-10-2022,29-01-2025,34.1,0
PRJ2183,Madhya Pradesh,Indore,Highway,762.4,136.3,626.1,17.9,7,2,233,TRUE,Pending,1348,1106,13-01-2023,23-01-2026,84.9,1
PRJ2184,Maharashtra,Pune,Urban Infrastructure,916,20.3,895.7,2.2,6,7,173,TRUE,Completed,137,1314,08-05-2026,12-12-2029,57.7,1
PRJ2185,West Bengal,Howrah,Highway,195.3,174.2,21.1,89.2,2,1,88,TRUE,In Progress,871,652,04-05-2024,15-02-2026,26.8,0
PRJ2186,West Bengal,Durgapur,Urban Infrastructure,405.7,135.8,269.9,33.5,2,1,166,FALSE,Completed,675,1157,16-11-2024,17-01-2028,3.1,0
PRJ2187,Assam,Silchar,Railway Corridor,1620.6,537.5,1083.1,33.2,3,1,114,FALSE,Completed,876,1721,29-04-2024,14-01-2029,24.4,0
PRJ2188,Maharashtra,Nashik,Urban Infrastructure,2560.6,2294.7,265.9,89.6,4,1,159,TRUE,In Progress,841,381,03-06-2024,19-06-2025,36.1,0
PRJ2189,Rajasthan,Jaipur,Railway Corridor,2918.3,86.4,2831.9,3,4,3,142,TRUE,In Progress,295,829,01-12-2025,09-03-2028,68.9,1
PRJ2190,Madhya Pradesh,Jabalpur,Railway Corridor,1849.1,486.7,1362.4,26.3,1,2,128,FALSE,Completed,655,1532,06-12-2024,15-02-2029,25.5,0
PRJ2191,Odisha,Bhubaneswar,Power Transmission Line,2146.3,81.4,2064.9,3.8,5,4,230,FALSE,In Progress,381,1729,06-09-2025,01-06-2030,47.4,0
PRJ2192,Rajasthan,Jodhpur,Industrial Corridor,1437.5,131.4,1306.1,9.1,7,1,252,FALSE,In Progress,616,1811,14-01-2025,30-12-2029,34.3,0
PRJ2193,Rajasthan,Udaipur,Industrial Corridor,1093.2,1093.2,0,100,0,0,48,TRUE,Pending,790,404,24-07-2024,01-09-2025,29.8,0
PRJ2194,Rajasthan,Jodhpur,Railway Corridor,275.9,200,75.9,72.5,0,0,28,FALSE,Completed,996,914,31-12-2023,02-07-2026,7.7,0
PRJ2195,Maharashtra,Thane,Industrial Corridor,2228.1,161.8,2066.3,7.3,1,1,58,FALSE,Pending,134,935,11-05-2026,01-12-2028,37.9,0
PRJ2196,Odisha,Bhubaneswar,Urban Infrastructure,314.4,60.8,253.6,19.3,0,1,67,FALSE,Completed,246,916,19-01-2026,23-07-2028,17.3,0
PRJ2197,Odisha,Cuttack,Highway,1796.8,78.7,1718.1,4.4,0,1,134,FALSE,Completed,109,1670,05-06-2026,31-12-2030,25.5,0
PRJ2198,Uttar Pradesh,Lucknow,Highway,1149.8,429.3,720.5,37.3,2,2,96,TRUE,Completed,499,825,11-05-2025,14-08-2027,37.5,0
PRJ2199,Bihar,Patna,Highway,1698.2,206,1492.2,12.1,4,0,190,TRUE,Completed,291,1236,05-12-2025,24-04-2029,45.4,0
PRJ2200,Bihar,Patna,Power Transmission Line,664,262.5,401.5,39.5,2,4,190,FALSE,Pending,1397,1317,25-11-2022,04-07-2026,38.1,0
PRJ2201,Bihar,Bhagalpur,Industrial Corridor,947,407.1,539.9,43,3,2,329,FALSE,In Progress,1385,1242,07-12-2022,02-05-2026,35.6,0
PRJ2202,West Bengal,Durgapur,Power Transmission Line,615.4,207.5,407.9,33.7,6,0,109,FALSE,Completed,1032,1266,25-11-2023,14-05-2027,27.3,0
PRJ2203,Bihar,Patna,Railway Corridor,2442.4,1173.7,1268.7,48.1,2,1,72,TRUE,In Progress,1065,1396,23-10-2023,19-08-2027,39.5,0
PRJ2204,Maharashtra,Thane,Urban Infrastructure,2095.5,1038.7,1056.8,49.6,0,0,118,TRUE,Completed,637,915,24-12-2024,27-06-2027,43.1,0
PRJ2205,Bihar,Patna,Industrial Corridor,2860.8,567,2293.8,19.8,0,0,120,FALSE,In Progress,447,1284,02-07-2025,06-01-2029,29.6,0
PRJ2206,Uttar Pradesh,Kanpur,Railway Corridor,752.4,316,436.4,42,2,5,202,FALSE,In Progress,952,1243,13-02-2024,10-07-2027,36.5,0
PRJ2207,Bihar,Bhagalpur,Urban Infrastructure,2210.9,1461.5,749.4,66.1,0,3,103,FALSE,In Progress,1408,1168,14-11-2022,25-01-2026,39.8,0
PRJ2208,Maharashtra,Pune,Power Transmission Line,2756.8,1084.4,1672.4,39.3,4,3,213,FALSE,Completed,1018,604,09-12-2023,04-08-2025,32.7,0
PRJ2209,Odisha,Cuttack,Irrigation Canal,1420.2,34.3,1385.9,2.4,3,1,198,FALSE,Completed,113,1238,01-06-2026,21-10-2029,36.7,0
PRJ2210,Madhya Pradesh,Jabalpur,Power Transmission Line,289.6,208,81.6,71.8,4,0,126,TRUE,In Progress,1143,1400,06-08-2023,06-06-2027,28.8,0
PRJ2211,Maharashtra,Nashik,Irrigation Canal,1432.6,1279.5,153.1,89.3,2,2,203,FALSE,Pending,1465,736,18-09-2022,23-09-2024,22.7,0
PRJ2212,Odisha,Bhubaneswar,Irrigation Canal,1657.1,1657.1,0,100,0,0,168,FALSE,Pending,1384,693,08-12-2022,31-10-2024,12.9,0
PRJ2213,Assam,Silchar,Urban Infrastructure,263.5,102,161.5,38.7,7,4,248,TRUE,In Progress,1418,1183,04-11-2022,30-01-2026,54.4,1
PRJ2214,West Bengal,Howrah,Railway Corridor,2351.7,313.7,2038,13.3,1,3,228,FALSE,Completed,569,1913,02-03-2025,28-05-2030,20.4,0
PRJ2215,Madhya Pradesh,Gwalior,Power Transmission Line,824.2,218.7,605.5,26.5,1,0,75,FALSE,In Progress,736,1940,16-09-2024,08-01-2030,17.1,0
PRJ2216,Rajasthan,Jodhpur,Power Transmission Line,2002.3,67.2,1935.1,3.4,0,1,105,FALSE,Completed,72,1964,12-07-2026,27-11-2031,27.1,0
PRJ2217,Maharashtra,Thane,Industrial Corridor,2055.9,174.4,1881.5,8.5,0,0,96,TRUE,Completed,323,1385,03-11-2025,19-08-2029,25.9,0
PRJ2218,Bihar,Muzaffarpur,Highway,599.1,180.5,418.6,30.1,0,0,65,FALSE,Completed,874,1518,01-05-2024,27-06-2028,10.8,0
PRJ2219,Bihar,Bhagalpur,Industrial Corridor,2820.7,437,2383.7,15.5,6,2,204,TRUE,Completed,1037,1819,20-11-2023,12-11-2028,52.3,1
PRJ2220,Bihar,Patna,Urban Infrastructure,1685.5,603.5,1082,35.8,2,2,0,FALSE,In Progress,894,1655,11-04-2024,22-10-2028,21.9,0
PRJ2221,Maharashtra,Pune,Industrial Corridor,2817.1,499,2318.1,17.7,3,2,259,FALSE,Completed,1075,1604,13-10-2023,04-03-2028,34.1,0
PRJ2222,Bihar,Bhagalpur,Railway Corridor,1286.6,863.7,422.9,67.1,2,1,265,FALSE,In Progress,1001,419,26-12-2023,17-02-2025,23,0
PRJ2223,Bihar,Patna,Industrial Corridor,2258.5,2258.5,0,100,1,1,95,FALSE,In Progress,1133,408,16-08-2023,27-09-2024,18.5,0
PRJ2224,Bihar,Muzaffarpur,Power Transmission Line,805,21.2,783.8,2.6,1,1,230,FALSE,In Progress,68,1988,16-07-2026,25-12-2031,28.6,0
PRJ2225,Bihar,Muzaffarpur,Urban Infrastructure,595.8,246.3,349.5,41.3,4,0,116,FALSE,In Progress,985,1289,11-01-2024,23-07-2027,16,0
PRJ2226,Maharashtra,Aurangabad,Highway,1304.1,1304.1,0,100,1,2,67,FALSE,In Progress,711,575,11-10-2024,09-05-2026,9.5,0
PRJ2227,Uttar Pradesh,Meerut,Highway,1731.1,1159,572.1,66.9,0,1,79,FALSE,Completed,1136,990,13-08-2023,29-04-2026,7.1,0
PRJ2228,Rajasthan,Udaipur,Irrigation Canal,597,597,0,100,0,0,118,FALSE,Completed,1298,465,04-03-2023,11-06-2024,1,0
PRJ2229,Maharashtra,Nashik,Power Transmission Line,349.9,120.2,229.7,34.4,5,0,247,TRUE,Completed,1384,1606,08-12-2022,02-05-2027,38.9,0
PRJ2230,Odisha,Bhubaneswar,Railway Corridor,1544.4,971,573.4,62.9,1,3,218,FALSE,In Progress,984,1192,12-01-2024,18-04-2027,29,0
PRJ2231,Bihar,Bhagalpur,Railway Corridor,1010.2,1010.2,0,100,2,1,88,FALSE,In Progress,1359,551,02-01-2023,06-07-2024,13.4,0
PRJ2232,Odisha,Cuttack,Power Transmission Line,2159,2058.3,100.7,95.3,2,0,185,TRUE,Pending,1366,506,26-12-2022,15-05-2024,35.5,0
PRJ2233,Maharashtra,Nashik,Urban Infrastructure,422.5,121.1,301.4,28.7,2,0,194,FALSE,In Progress,1198,1516,12-06-2023,06-08-2027,8,0
PRJ2234,Madhya Pradesh,Indore,Irrigation Canal,2947.1,2051.4,895.7,69.6,3,2,0,FALSE,Completed,1330,1461,31-01-2023,31-01-2027,15.9,0
PRJ2235,Madhya Pradesh,Jabalpur,Urban Infrastructure,802.2,127.6,674.6,15.9,1,1,0,FALSE,In Progress,468,1707,11-06-2025,12-02-2030,20,0
PRJ2236,Bihar,Patna,Irrigation Canal,2124.5,1719.8,404.7,81,0,0,7,FALSE,In Progress,453,448,26-06-2025,17-09-2026,9.6,0
PRJ2237,Assam,Guwahati,Power Transmission Line,2040.1,164.5,1875.6,8.1,1,2,98,FALSE,Completed,275,1872,21-12-2025,05-02-2031,31.9,0
PRJ2238,Maharashtra,Nashik,Power Transmission Line,1151,798,353,69.3,1,0,51,TRUE,Pending,881,592,24-04-2024,07-12-2025,34.7,0
PRJ2239,Odisha,Rourkela,Highway,2316.9,1121.5,1195.4,48.4,1,2,92,FALSE,In Progress,368,549,19-09-2025,22-03-2027,19.4,0
PRJ2240,Rajasthan,Jodhpur,Irrigation Canal,226.4,98.5,127.9,43.5,4,1,246,FALSE,Completed,561,699,10-03-2025,07-02-2027,31.4,0
PRJ2241,Bihar,Muzaffarpur,Highway,133.5,5.2,128.3,3.9,5,2,276,TRUE,Pending,1353,1779,08-01-2023,22-11-2027,65.7,1
PRJ2242,Rajasthan,Udaipur,Power Transmission Line,2134.7,351.1,1783.6,16.4,2,1,66,FALSE,In Progress,743,1584,09-09-2024,10-01-2029,36.7,0
PRJ2243,West Bengal,Durgapur,Power Transmission Line,485.9,180.7,305.2,37.2,1,1,125,TRUE,In Progress,496,817,14-05-2025,09-08-2027,42.9,0
PRJ2244,Maharashtra,Pune,Industrial Corridor,247.6,23.6,224,9.5,4,2,191,FALSE,Completed,418,1159,31-07-2025,02-10-2028,30.3,0
PRJ2245,Maharashtra,Aurangabad,Industrial Corridor,1465.5,805.7,659.8,55,0,1,135,FALSE,Completed,1496,1792,18-08-2022,15-07-2027,13.6,0
PRJ2246,Assam,Guwahati,Power Transmission Line,2199.4,385.6,1813.8,17.5,4,1,178,FALSE,Completed,239,1049,26-01-2026,10-12-2028,31.7,0
PRJ2247,Madhya Pradesh,Jabalpur,Industrial Corridor,145.2,32.9,112.3,22.7,4,0,229,FALSE,Completed,1267,1147,04-04-2023,25-05-2026,24.5,0
PRJ2248,Rajasthan,Jaipur,Industrial Corridor,2890.8,164.9,2725.9,5.7,1,1,79,FALSE,In Progress,166,1732,09-04-2026,05-01-2031,22.1,0
PRJ2249,Madhya Pradesh,Gwalior,Industrial Corridor,440.1,83.9,356.2,19.1,3,5,278,FALSE,Completed,716,1586,06-10-2024,08-02-2029,37.3,0
PRJ2250,Madhya Pradesh,Bhopal,Industrial Corridor,1062.2,358.5,703.7,33.7,3,1,271,FALSE,In Progress,1426,1051,27-10-2022,12-09-2025,27.1,0
PRJ2251,Assam,Guwahati,Highway,2055,297.7,1757.3,14.5,2,7,283,TRUE,Completed,1157,1931,23-07-2023,04-11-2028,79,1
PRJ2252,Odisha,Bhubaneswar,Urban Infrastructure,649.5,571.5,78,88,0,1,65,TRUE,In Progress,1270,602,01-04-2023,23-11-2024,18.9,0
PRJ2253,Odisha,Cuttack,Railway Corridor,2485.1,2041.4,443.7,82.1,2,1,164,FALSE,Pending,1309,721,21-02-2023,11-02-2025,22,0
PRJ2254,West Bengal,Howrah,Industrial Corridor,1895,1895,0,100,1,0,45,FALSE,Completed,1296,592,06-03-2023,18-10-2024,1,0
PRJ2255,Rajasthan,Jaipur,Railway Corridor,697.6,77.3,620.3,11.1,8,1,52,FALSE,Pending,606,1574,24-01-2025,17-05-2029,49.3,0
PRJ2256,West Bengal,Durgapur,Highway,2567.3,903.1,1664.2,35.2,2,0,0,FALSE,Completed,675,1420,16-11-2024,06-10-2028,9.7,0
PRJ2257,West Bengal,Durgapur,Railway Corridor,393.8,18.6,375.2,4.7,7,2,181,FALSE,Pending,293,1417,03-12-2025,20-10-2029,50.3,1
PRJ2258,Rajasthan,Jaipur,Industrial Corridor,548.5,59.8,488.7,10.9,3,3,215,TRUE,In Progress,403,1606,15-08-2025,07-01-2030,51.8,1
PRJ2259,Rajasthan,Udaipur,Power Transmission Line,327.9,233.7,94.2,71.3,3,2,11,FALSE,Completed,656,495,05-12-2024,14-04-2026,17,0
PRJ2260,Bihar,Patna,Highway,304.2,46.4,257.8,15.3,3,3,82,TRUE,In Progress,452,1300,27-06-2025,17-01-2029,50.1,1
PRJ2261,Assam,Silchar,Highway,2177.1,1757.5,419.6,80.7,0,1,0,TRUE,In Progress,1406,1721,16-11-2022,03-08-2027,23.1,0
PRJ2262,Uttar Pradesh,Kanpur,Irrigation Canal,582.4,118.8,463.6,20.4,0,2,282,TRUE,In Progress,1071,1626,17-10-2023,30-03-2028,56.5,1
PRJ2263,Maharashtra,Pune,Urban Infrastructure,396,56.8,339.2,14.3,2,2,32,FALSE,In Progress,377,1614,10-09-2025,10-02-2030,30.5,0
PRJ2264,Maharashtra,Nashik,Power Transmission Line,2101.3,161.6,1939.7,7.7,5,4,251,FALSE,In Progress,460,809,19-06-2025,06-09-2027,51.7,1
PRJ2265,Assam,Silchar,Industrial Corridor,1059.6,151.7,907.9,14.3,3,1,170,FALSE,In Progress,405,1668,13-08-2025,08-03-2030,32.3,0
PRJ2266,Bihar,Gaya,Highway,659.1,215.8,443.3,32.7,3,2,233,TRUE,In Progress,1020,681,07-12-2023,18-10-2025,52.6,1
PRJ2267,Assam,Guwahati,Industrial Corridor,1064.8,345.7,719.1,32.5,4,3,232,FALSE,In Progress,1170,970,10-07-2023,06-03-2026,53,1
PRJ2268,Uttar Pradesh,Kanpur,Railway Corridor,2561.6,215.1,2346.5,8.4,2,0,15,FALSE,In Progress,134,1335,11-05-2026,05-01-2030,22.9,0
PRJ2269,Assam,Dibrugarh,Irrigation Canal,2090.8,2090.8,0,100,1,2,0,FALSE,Completed,1331,544,30-01-2023,27-07-2024,1,0
PRJ2270,Rajasthan,Udaipur,Industrial Corridor,1372.6,234,1138.6,17,2,0,165,TRUE,Completed,463,1066,16-06-2025,17-05-2028,48.7,0
PRJ2271,Odisha,Bhubaneswar,Power Transmission Line,1800.1,165.9,1634.2,9.2,5,0,277,TRUE,In Progress,632,1940,29-12-2024,22-04-2030,42.4,0
PRJ2272,Madhya Pradesh,Bhopal,Power Transmission Line,1215.7,24.3,1191.4,2,4,2,75,TRUE,Completed,100,1798,14-06-2026,17-05-2031,43.5,0
PRJ2273,Uttar Pradesh,Varanasi,Power Transmission Line,1818.6,136.4,1682.2,7.5,4,0,129,TRUE,Pending,210,1557,24-02-2026,31-05-2030,58.2,1
PRJ2274,Uttar Pradesh,Lucknow,Power Transmission Line,492.3,391.5,100.8,79.5,0,1,48,FALSE,In Progress,984,967,12-01-2024,05-09-2026,7.9,0
PRJ2275,Assam,Silchar,Industrial Corridor,2266.7,1419.5,847.2,62.6,1,0,17,TRUE,Completed,1421,1747,01-11-2022,14-08-2027,29.7,0
PRJ2276,West Bengal,Asansol,Industrial Corridor,1175.4,360.9,814.5,30.7,3,1,176,FALSE,Completed,915,828,21-03-2024,27-06-2026,28.7,0
PRJ2277,Maharashtra,Nagpur,Railway Corridor,2738.1,1945.6,792.5,71.1,0,0,184,FALSE,Pending,1365,612,27-12-2022,30-08-2024,22.5,0
PRJ2278,Maharashtra,Nagpur,Irrigation Canal,1522,88.2,1433.8,5.8,6,3,206,FALSE,In Progress,93,463,21-06-2026,27-09-2027,54,1
PRJ2279,Odisha,Rourkela,Highway,2731.4,100.4,2631,3.7,3,1,182,FALSE,Completed,112,1832,02-06-2026,08-06-2031,31.3,0
PRJ2280,Uttar Pradesh,Agra,Railway Corridor,1728.3,34.6,1693.7,2,6,4,251,FALSE,Completed,73,1135,11-07-2026,19-08-2029,35.7,0
PRJ2281,Odisha,Rourkela,Power Transmission Line,359.4,12.1,347.3,3.4,1,2,132,FALSE,In Progress,136,1608,09-05-2026,03-10-2030,30.8,0
PRJ2282,Odisha,Rourkela,Power Transmission Line,1241.3,501.2,740.1,40.4,0,1,181,FALSE,In Progress,1416,1921,06-11-2022,09-02-2028,23,0
PRJ2283,Rajasthan,Kota,Highway,1964.8,266.9,1697.9,13.6,2,1,181,FALSE,In Progress,498,1798,12-05-2025,14-04-2030,35.5,0
PRJ2284,Odisha,Rourkela,Industrial Corridor,1988.7,1031.9,956.8,51.9,1,2,126,FALSE,Completed,1186,987,24-06-2023,07-03-2026,7.5,0
PRJ2285,Odisha,Cuttack,Railway Corridor,1228.5,973.8,254.7,79.3,0,0,0,FALSE,Completed,1103,1358,15-09-2023,04-06-2027,1,0
PRJ2286,Rajasthan,Kota,Highway,717,369.4,347.6,51.5,0,0,0,FALSE,In Progress,805,1137,09-07-2024,20-08-2027,10.7,0
PRJ2287,Maharashtra,Nashik,Highway,709.4,292.5,416.9,41.2,2,2,204,FALSE,Completed,462,458,17-06-2025,18-09-2026,27.9,0
PRJ2288,West Bengal,Asansol,Urban Infrastructure,119,7.5,111.5,6.3,4,5,220,TRUE,Pending,1067,1952,21-10-2023,23-02-2029,71.6,1
PRJ2289,West Bengal,Asansol,Irrigation Canal,2489.1,115.3,2373.8,4.6,4,3,258,FALSE,In Progress,918,1655,18-03-2024,28-09-2028,43.7,0
PRJ2290,Madhya Pradesh,Indore,Railway Corridor,2123.9,1744.4,379.5,82.1,2,1,94,FALSE,In Progress,1492,1065,22-08-2022,22-07-2025,13.2,0
PRJ2291,Rajasthan,Jodhpur,Irrigation Canal,652.2,164.4,487.8,25.2,2,2,147,FALSE,Completed,242,560,23-01-2026,06-08-2027,35.3,0
PRJ2292,West Bengal,Howrah,Irrigation Canal,922.9,171.4,751.5,18.6,3,0,176,TRUE,Completed,568,1483,03-03-2025,25-03-2029,45.1,0
PRJ2293,Maharashtra,Pune,Irrigation Canal,921.8,197.1,724.7,21.4,2,2,200,FALSE,Completed,921,1492,15-03-2024,15-04-2028,30.7,0
PRJ2294,Maharashtra,Thane,Urban Infrastructure,1967.6,451.6,1516,22.9,0,2,116,FALSE,In Progress,435,1121,14-07-2025,08-08-2028,41.8,0
PRJ2295,Rajasthan,Udaipur,Highway,1372.3,356.7,1015.6,26,5,2,177,TRUE,In Progress,1344,1305,17-01-2023,14-08-2026,63.1,1
PRJ2296,Uttar Pradesh,Lucknow,Urban Infrastructure,1235,103.3,1131.7,8.4,1,3,210,TRUE,In Progress,544,1965,27-03-2025,13-08-2030,55.8,1
PRJ2297,Madhya Pradesh,Jabalpur,Highway,542.2,14.4,527.8,2.7,0,1,73,TRUE,Completed,60,1504,24-07-2026,05-09-2030,31.6,0
PRJ2298,West Bengal,Howrah,Urban Infrastructure,2455.6,410.7,2044.9,16.7,4,3,187,FALSE,Pending,1113,1570,05-09-2023,23-12-2027,60.4,1
PRJ2299,Rajasthan,Udaipur,Highway,193.5,142.4,51.1,73.6,2,2,129,FALSE,In Progress,1308,777,22-02-2023,09-04-2025,21.4,0
PRJ2300,Madhya Pradesh,Jabalpur,Highway,2282.6,1278.9,1003.7,56,0,2,50,FALSE,Completed,637,837,24-12-2024,10-04-2027,18.3,0
PRJ2301,Odisha,Rourkela,Urban Infrastructure,1253.1,856.2,396.9,68.3,1,1,176,FALSE,Completed,862,504,13-05-2024,29-09-2025,19.6,0
PRJ2302,Odisha,Rourkela,Highway,2275,301.6,1973.4,13.3,1,1,131,FALSE,Completed,327,1046,30-10-2025,10-09-2028,17.4,0
PRJ2303,West Bengal,Durgapur,Urban Infrastructure,1343.1,134,1209.1,10,4,4,288,TRUE,Completed,1304,405,26-02-2023,06-04-2024,56.8,1
PRJ2304,Madhya Pradesh,Bhopal,Urban Infrastructure,810.2,579.1,231.1,71.5,1,1,172,TRUE,In Progress,728,463,24-09-2024,31-12-2025,37.3,0
PRJ2305,Maharashtra,Nagpur,Railway Corridor,733.9,91.2,642.7,12.4,1,2,226,FALSE,In Progress,1115,1982,03-09-2023,05-02-2029,28.3,0
PRJ2306,Uttar Pradesh,Kanpur,Urban Infrastructure,737,140.3,596.7,19,5,4,284,FALSE,Completed,714,1109,08-10-2024,22-10-2027,45,0
PRJ2307,West Bengal,Durgapur,Highway,261.3,163.6,97.7,62.6,0,1,139,FALSE,Completed,1181,970,29-06-2023,23-02-2026,20.9,0
PRJ2308,Madhya Pradesh,Jabalpur,Power Transmission Line,1594.8,1568.6,26.2,98.4,0,1,149,FALSE,In Progress,469,497,10-06-2025,20-10-2026,13.8,0
PRJ2309,Uttar Pradesh,Meerut,Industrial Corridor,1673.3,373.7,1299.6,22.3,3,1,195,FALSE,Completed,523,465,17-04-2025,26-07-2026,21.3,0
PRJ2310,Madhya Pradesh,Bhopal,Highway,377.5,62.2,315.3,16.5,4,3,191,FALSE,In Progress,258,436,07-01-2026,19-03-2027,37.8,0
PRJ2311,Assam,Dibrugarh,Highway,2029.2,286,1743.2,14.1,5,3,203,TRUE,In Progress,1106,1635,12-09-2023,04-03-2028,56.1,1
PRJ2312,West Bengal,Durgapur,Highway,1609.9,757.3,852.6,47,0,0,21,FALSE,Completed,252,543,13-01-2026,10-07-2027,14,0
PRJ2313,Assam,Silchar,Highway,2967.8,82.4,2885.4,2.8,2,1,104,FALSE,In Progress,116,1912,29-05-2026,23-08-2031,39.5,0
PRJ2314,Uttar Pradesh,Varanasi,Urban Infrastructure,484.9,152.8,332.1,31.5,1,2,88,FALSE,Pending,780,1559,03-08-2024,09-11-2028,37.9,0
PRJ2315,Assam,Guwahati,Railway Corridor,2468.7,2468.7,0,100,1,2,204,TRUE,In Progress,1235,621,06-05-2023,16-01-2025,33.3,0
PRJ2316,Madhya Pradesh,Gwalior,Urban Infrastructure,1856.7,435,1421.7,23.4,2,2,112,TRUE,Completed,574,1058,25-02-2025,19-01-2028,39.2,0
PRJ2317,Odisha,Bhubaneswar,Highway,85.4,30.8,54.6,36,0,0,144,FALSE,In Progress,819,1904,25-06-2024,11-09-2029,15.2,0
PRJ2318,Madhya Pradesh,Gwalior,Industrial Corridor,2260.6,834.4,1426.2,36.9,0,1,144,TRUE,Pending,1033,1757,24-11-2023,15-09-2028,41.5,0
PRJ2319,Assam,Dibrugarh,Highway,758.9,500,258.9,65.9,0,2,166,FALSE,In Progress,875,653,30-04-2024,12-02-2026,22.9,0
PRJ2320,Madhya Pradesh,Jabalpur,Industrial Corridor,1739.1,870.2,868.9,50,0,2,278,FALSE,Completed,839,889,05-06-2024,11-11-2026,16.3,0
PRJ2321,Odisha,Cuttack,Urban Infrastructure,2528.9,225.3,2303.6,8.9,0,0,232,TRUE,In Progress,494,1996,16-05-2025,02-11-2030,44.9,0
PRJ2322,Odisha,Cuttack,Highway,1256.2,579.3,676.9,46.1,2,2,129,FALSE,In Progress,518,518,22-04-2025,22-09-2026,34.7,0
PRJ2323,Bihar,Patna,Power Transmission Line,1973.2,1778.7,194.5,90.1,3,1,8,FALSE,Completed,1232,720,09-05-2023,28-04-2025,5.2,0
PRJ2324,Madhya Pradesh,Indore,Power Transmission Line,1763.2,35.3,1727.9,2,3,6,282,FALSE,In Progress,78,1004,06-07-2026,05-04-2029,53.2,1
PRJ2325,Odisha,Rourkela,Power Transmission Line,1816.1,545.1,1271,30,3,2,224,FALSE,In Progress,1471,1854,12-09-2022,10-10-2027,15.9,0
PRJ2326,West Bengal,Howrah,Highway,1831.8,343.1,1488.7,18.7,6,1,202,TRUE,In Progress,864,1277,11-05-2024,09-11-2027,47.3,0
PRJ2327,Uttar Pradesh,Lucknow,Urban Infrastructure,1123.4,629.8,493.6,56.1,4,0,158,TRUE,Pending,1273,814,29-03-2023,20-06-2025,43,0
PRJ2328,Odisha,Rourkela,Industrial Corridor,2660,800,1860,30.1,2,3,308,FALSE,In Progress,1068,1450,20-10-2023,09-10-2027,22.7,0
PRJ2329,Madhya Pradesh,Gwalior,Industrial Corridor,551,333.2,217.8,60.5,1,1,121,FALSE,Completed,1396,1790,26-11-2022,21-10-2027,16.1,0
PRJ2330,Madhya Pradesh,Bhopal,Power Transmission Line,940.3,711.3,229,75.6,0,1,0,TRUE,Completed,880,885,25-04-2024,27-09-2026,16,0
PRJ2331,Assam,Dibrugarh,Industrial Corridor,1160.9,242.9,918,20.9,4,1,178,TRUE,In Progress,1125,1204,24-08-2023,10-12-2026,61.6,1
PRJ2332,Bihar,Gaya,Railway Corridor,2505.4,831.1,1674.3,33.2,3,0,167,FALSE,Completed,889,1508,16-04-2024,02-06-2028,14.8,0
PRJ2333,Odisha,Rourkela,Power Transmission Line,544.1,32.4,511.7,6,0,0,0,FALSE,Completed,122,1519,23-05-2026,20-07-2030,11.4,0
PRJ2334,West Bengal,Asansol,Highway,2256.9,225.7,2031.2,10,2,2,211,FALSE,Completed,467,1720,12-06-2025,26-02-2030,29,0
PRJ2335,Rajasthan,Udaipur,Urban Infrastructure,1923.2,573,1350.2,29.8,1,0,78,TRUE,In Progress,952,1025,13-02-2024,04-12-2026,32.4,0
PRJ2336,Rajasthan,Jodhpur,Railway Corridor,722,56.7,665.3,7.9,4,4,239,FALSE,In Progress,347,1051,10-10-2025,26-08-2028,31.7,0
PRJ2337,Bihar,Bhagalpur,Highway,705.5,107.8,597.7,15.3,0,0,263,FALSE,In Progress,686,1717,05-11-2024,19-07-2029,21.5,0
PRJ2338,Assam,Guwahati,Railway Corridor,2691,1238.8,1452.2,46,4,1,288,TRUE,Completed,745,410,07-09-2024,22-10-2025,51.3,1
PRJ2339,Bihar,Gaya,Railway Corridor,2360.2,999,1361.2,42.3,3,1,0,FALSE,Completed,1286,1628,16-03-2023,30-08-2027,15.2,0
PRJ2340,Odisha,Cuttack,Power Transmission Line,1867.5,487.7,1379.8,26.1,2,0,183,TRUE,Completed,721,1847,01-10-2024,22-10-2029,45.4,0
PRJ2341,Rajasthan,Udaipur,Railway Corridor,514.7,153.1,361.6,29.8,2,5,176,TRUE,Completed,760,1026,23-08-2024,15-06-2027,42.7,0
PRJ2342,West Bengal,Asansol,Railway Corridor,1862.7,165.2,1697.5,8.9,1,3,1,FALSE,In Progress,300,1273,26-11-2025,22-05-2029,35.7,0
PRJ2343,West Bengal,Asansol,Railway Corridor,581.4,332.9,248.5,57.3,2,0,48,FALSE,Completed,1238,1989,03-05-2023,12-10-2028,4.7,0
PRJ2344,Rajasthan,Jodhpur,Irrigation Canal,2690.2,1275.6,1414.6,47.4,3,1,78,FALSE,In Progress,879,1459,26-04-2024,24-04-2028,23.6,0
PRJ2345,Bihar,Patna,Railway Corridor,2301.2,486.4,1814.8,21.1,1,1,74,FALSE,Completed,343,1457,14-10-2025,10-10-2029,33.7,0
PRJ2346,Maharashtra,Thane,Railway Corridor,2887.6,889.4,1998.2,30.8,1,0,193,FALSE,Completed,1095,1840,23-09-2023,06-10-2028,32.6,0
PRJ2347,Rajasthan,Jaipur,Highway,1439.8,765.3,674.5,53.2,1,1,133,FALSE,Completed,1251,1845,20-04-2023,08-05-2028,18.7,0
PRJ2348,Rajasthan,Kota,Urban Infrastructure,2858.8,1705.8,1153,59.7,1,0,4,FALSE,In Progress,1298,1564,04-03-2023,15-06-2027,16.5,0
PRJ2349,Odisha,Rourkela,Irrigation Canal,374.3,120,254.3,32.1,2,2,75,FALSE,In Progress,1064,1875,24-10-2023,11-12-2028,26.4,0
PRJ2350,Madhya Pradesh,Bhopal,Industrial Corridor,1044.6,113.9,930.7,10.9,7,1,297,FALSE,In Progress,971,1356,25-01-2024,12-10-2027,41.2,0
PRJ2351,Maharashtra,Pune,Urban Infrastructure,891.7,64.9,826.8,7.3,1,2,55,FALSE,In Progress,195,1526,11-03-2026,15-05-2030,32,0
PRJ2352,Maharashtra,Nagpur,Irrigation Canal,1577.4,541.8,1035.6,34.3,3,3,120,FALSE,In Progress,883,1228,22-04-2024,02-09-2027,35.5,0
PRJ2353,Madhya Pradesh,Gwalior,Irrigation Canal,2052.5,1023.3,1029.2,49.9,3,2,208,FALSE,In Progress,1117,533,01-09-2023,15-02-2025,17.5,0
PRJ2354,Madhya Pradesh,Indore,Railway Corridor,1163.4,473.3,690.1,40.7,2,2,281,TRUE,Completed,1042,456,15-11-2023,13-02-2025,45.7,0
PRJ2355,West Bengal,Asansol,Power Transmission Line,2991.2,122.6,2868.6,4.1,1,0,148,TRUE,In Progress,327,1646,30-10-2025,03-05-2030,44.7,0
PRJ2356,Odisha,Rourkela,Power Transmission Line,2862.5,2862.5,0,100,4,1,99,TRUE,In Progress,1312,649,18-02-2023,28-11-2024,25.7,0
PRJ2357,Odisha,Bhubaneswar,Railway Corridor,2958.5,521.6,2436.9,17.6,1,3,264,TRUE,In Progress,1184,1365,26-06-2023,22-03-2027,46.1,0
PRJ2358,Bihar,Gaya,Highway,2274.7,932.1,1342.6,41,0,0,43,FALSE,Completed,861,1804,14-05-2024,22-04-2029,4.9,0
PRJ2359,Odisha,Cuttack,Irrigation Canal,506.8,123.2,383.6,24.3,1,1,83,FALSE,Completed,678,1342,13-11-2024,17-07-2028,9.2,0
PRJ2360,Uttar Pradesh,Lucknow,Urban Infrastructure,80.7,14.3,66.4,17.8,1,2,182,TRUE,Completed,593,1212,06-02-2025,02-06-2028,47.6,0
PRJ2361,Madhya Pradesh,Bhopal,Urban Infrastructure,609.9,181.8,428.1,29.8,2,0,74,FALSE,In Progress,543,1108,28-03-2025,09-04-2028,20.9,0
PRJ2362,Madhya Pradesh,Jabalpur,Railway Corridor,2763.8,495.1,2268.7,17.9,0,3,186,FALSE,In Progress,514,1441,26-04-2025,06-04-2029,28.4,0
PRJ2363,Uttar Pradesh,Kanpur,Railway Corridor,1501.7,191.7,1310,12.8,3,3,192,TRUE,In Progress,268,917,28-12-2025,02-07-2028,50.9,1
PRJ2364,Maharashtra,Thane,Power Transmission Line,345.6,12.3,333.3,3.6,1,0,0,FALSE,Completed,66,1465,18-07-2026,22-07-2030,25.4,0
PRJ2365,Bihar,Bhagalpur,Highway,2923,737.4,2185.6,25.2,1,3,140,TRUE,In Progress,789,1500,25-07-2024,02-09-2028,44.9,0
PRJ2366,Rajasthan,Jaipur,Irrigation Canal,206.5,14.6,191.9,7,2,2,230,TRUE,In Progress,406,1948,12-08-2025,12-12-2030,45.3,0
PRJ2367,Bihar,Bhagalpur,Industrial Corridor,2865.3,1387,1478.3,48.4,0,0,71,FALSE,Completed,538,942,02-04-2025,31-10-2027,13.7,0
PRJ2368,Odisha,Cuttack,Power Transmission Line,591.3,220.7,370.6,37.3,0,0,267,TRUE,Completed,1482,1313,01-09-2022,06-04-2026,29,0
PRJ2369,Bihar,Gaya,Railway Corridor,1711.8,121.8,1590,7.1,1,0,14,FALSE,In Progress,220,1957,14-02-2026,25-06-2031,22.6,0
PRJ2370,Maharashtra,Thane,Highway,1598.5,306.8,1291.7,19.2,1,0,98,TRUE,In Progress,427,1493,22-07-2025,23-08-2029,24.6,0
PRJ2371,Bihar,Bhagalpur,Urban Infrastructure,354.7,216.3,138.4,61,9,1,114,TRUE,In Progress,1316,505,14-02-2023,03-07-2024,37.8,0
PRJ2372,West Bengal,Asansol,Urban Infrastructure,1334,341.2,992.8,25.6,0,0,0,FALSE,Completed,157,686,18-04-2026,04-03-2028,11.5,0
PRJ2373,Rajasthan,Kota,Urban Infrastructure,1961.3,1812.6,148.7,92.4,1,1,86,FALSE,Completed,1012,548,15-12-2023,15-06-2025,2.4,0
PRJ2374,Madhya Pradesh,Indore,Power Transmission Line,353,29,324,8.2,0,0,91,FALSE,Completed,190,1669,16-03-2026,10-10-2030,23,0
PRJ2375,Assam,Dibrugarh,Highway,858.4,493.3,365.1,57.5,2,0,39,TRUE,In Progress,346,503,11-10-2025,26-02-2027,40.5,0
PRJ2376,Odisha,Cuttack,Power Transmission Line,1496.4,53.9,1442.5,3.6,2,2,131,FALSE,Completed,135,1914,10-05-2026,06-08-2031,37.9,0
PRJ2377,Bihar,Gaya,Railway Corridor,2439.9,396.5,2043.4,16.2,6,0,147,FALSE,Completed,732,1701,20-09-2024,18-05-2029,26.1,0
PRJ2378,Odisha,Rourkela,Irrigation Canal,2470.4,279.9,2190.5,11.3,7,4,241,TRUE,Completed,1067,1779,21-10-2023,03-09-2028,53.4,1
PRJ2379,Madhya Pradesh,Bhopal,Urban Infrastructure,325.3,129.5,195.8,39.8,5,0,74,TRUE,In Progress,591,911,08-02-2025,08-08-2027,48.7,0
PRJ2380,Rajasthan,Jodhpur,Irrigation Canal,2416,859.4,1556.6,35.6,3,0,273,TRUE,Pending,1139,990,10-08-2023,26-04-2026,52.6,1
PRJ2381,West Bengal,Asansol,Highway,1149.7,29.3,1120.4,2.5,4,5,225,FALSE,Pending,205,1754,01-03-2026,19-12-2030,42.3,0
PRJ2382,Uttar Pradesh,Meerut,Railway Corridor,588.1,131.2,456.9,22.3,2,3,128,FALSE,Completed,313,897,13-11-2025,28-04-2028,28.8,0
PRJ2383,Madhya Pradesh,Gwalior,Railway Corridor,1357.7,692.4,665.3,51,1,0,41,FALSE,Pending,1448,1720,05-10-2022,21-06-2027,14.7,0
PRJ2384,West Bengal,Howrah,Urban Infrastructure,2279.5,247,2032.5,10.8,4,0,124,TRUE,In Progress,478,1684,01-06-2025,10-01-2030,59.7,1
PRJ2385,West Bengal,Asansol,Railway Corridor,822.6,245.2,577.4,29.8,1,1,228,FALSE,Completed,986,1250,10-01-2024,13-06-2027,21.5,0
PRJ2386,Maharashtra,Nagpur,Urban Infrastructure,2258.9,130.4,2128.5,5.8,4,1,149,FALSE,In Progress,703,1856,19-10-2024,18-11-2029,44.1,0
PRJ2387,Assam,Dibrugarh,Irrigation Canal,966.2,113.3,852.9,11.7,4,1,112,FALSE,In Progress,379,1398,08-09-2025,07-07-2029,40.8,0
PRJ2388,Madhya Pradesh,Gwalior,Highway,1102.9,213.3,889.6,19.3,3,2,326,FALSE,In Progress,1363,1011,29-12-2022,05-10-2025,43.2,0
PRJ2389,Odisha,Bhubaneswar,Industrial Corridor,948.7,104.6,844.1,11,4,0,139,TRUE,Completed,371,1285,16-09-2025,24-03-2029,44.8,0
PRJ2390,Rajasthan,Jodhpur,Urban Infrastructure,1584.7,243.9,1340.8,15.4,5,2,74,TRUE,Completed,479,1526,31-05-2025,04-08-2029,30.9,0
PRJ2391,Bihar,Patna,Urban Infrastructure,218.9,17.2,201.7,7.8,6,3,247,FALSE,Completed,695,1684,27-10-2024,07-06-2029,48.9,0
PRJ2392,Uttar Pradesh,Meerut,Irrigation Canal,485.9,249.4,236.5,51.3,1,0,189,FALSE,In Progress,1394,1977,28-11-2022,27-04-2028,27.5,0
PRJ2393,West Bengal,Kolkata,Irrigation Canal,1953.7,347.7,1606,17.8,4,1,176,FALSE,In Progress,1210,1592,31-05-2023,09-10-2027,50.8,1
PRJ2394,Odisha,Rourkela,Industrial Corridor,2882.9,552.3,2330.6,19.2,0,1,111,FALSE,Completed,316,1322,10-11-2025,24-06-2029,29.6,0
PRJ2395,West Bengal,Kolkata,Highway,2695.5,734.5,1961,27.3,1,1,173,FALSE,Pending,562,1282,09-03-2025,11-09-2028,41.9,0
PRJ2396,Rajasthan,Udaipur,Industrial Corridor,2290.4,252.7,2037.7,11,2,2,98,FALSE,Completed,699,1783,23-10-2024,10-09-2029,33.1,0
PRJ2397,Madhya Pradesh,Bhopal,Railway Corridor,346.5,13.9,332.6,4,0,1,102,TRUE,Pending,79,1559,05-07-2026,11-10-2030,52.5,1
PRJ2398,Odisha,Rourkela,Irrigation Canal,1705.6,435.1,1270.5,25.5,3,2,129,FALSE,Completed,710,1574,12-10-2024,02-02-2029,22.9,0
PRJ2399,Uttar Pradesh,Varanasi,Industrial Corridor,1432.8,62.1,1370.7,4.3,4,2,176,TRUE,In Progress,116,655,29-05-2026,14-03-2028,46.9,0
PRJ2400,West Bengal,Howrah,Railway Corridor,1746.3,1227.4,518.9,70.3,4,1,247,FALSE,In Progress,988,709,08-01-2024,17-12-2025,20.1,0
PRJ2401,Rajasthan,Udaipur,Urban Infrastructure,1859.7,198,1661.7,10.6,5,2,160,FALSE,Pending,673,1888,18-11-2024,19-01-2030,32.8,0
PRJ2402,Bihar,Muzaffarpur,Urban Infrastructure,974.9,101.3,873.6,10.4,6,1,243,FALSE,In Progress,1235,1198,06-05-2023,16-08-2026,45.3,0
PRJ2403,Madhya Pradesh,Indore,Highway,2376.3,340.9,2035.4,14.3,5,0,162,TRUE,Pending,660,790,01-12-2024,30-01-2027,72.6,1
PRJ2404,West Bengal,Asansol,Irrigation Canal,1998.4,249.1,1749.3,12.5,5,2,101,FALSE,Completed,721,1914,01-10-2024,28-12-2029,32.6,0
PRJ2405,Madhya Pradesh,Gwalior,Highway,1705.8,34.1,1671.7,2,5,3,250,TRUE,In Progress,127,1211,18-05-2026,10-09-2029,54.4,1
PRJ2406,Assam,Guwahati,Highway,1918.8,447.8,1471,23.3,0,1,96,FALSE,In Progress,324,940,02-11-2025,30-05-2028,17.9,0
PRJ2407,Madhya Pradesh,Jabalpur,Railway Corridor,670,109,561,16.3,4,2,300,FALSE,In Progress,1199,1039,11-06-2023,15-04-2026,49.6,0
PRJ2408,Maharashtra,Pune,Irrigation Canal,1357.2,74.9,1282.3,5.5,2,0,55,FALSE,In Progress,173,1819,02-04-2026,26-03-2031,28.3,0
PRJ2409,Uttar Pradesh,Meerut,Highway,536.8,30.1,506.7,5.6,2,4,248,FALSE,In Progress,892,1743,13-04-2024,20-01-2029,45.5,0
PRJ2410,Odisha,Rourkela,Industrial Corridor,84.1,12.4,71.7,14.8,4,1,247,FALSE,In Progress,1000,1275,27-12-2023,24-06-2027,30.1,0
PRJ2411,Uttar Pradesh,Meerut,Irrigation Canal,2138.6,241.7,1896.9,11.3,0,2,159,FALSE,In Progress,363,1807,24-09-2025,05-09-2030,19.2,0
PRJ2412,Uttar Pradesh,Varanasi,Industrial Corridor,1715.6,1491.1,224.5,86.9,0,0,160,FALSE,Completed,1486,1356,28-08-2022,15-05-2026,7.9,0
PRJ2413,Uttar Pradesh,Lucknow,Railway Corridor,502.8,56.9,445.9,11.3,3,6,132,FALSE,Completed,449,1708,30-06-2025,04-03-2030,44.8,0
PRJ2414,West Bengal,Asansol,Railway Corridor,1761.1,249.8,1511.3,14.2,1,1,57,FALSE,In Progress,434,1393,15-07-2025,08-05-2029,26.3,0
PRJ2415,Maharashtra,Aurangabad,Irrigation Canal,724.4,237.7,486.7,32.8,7,2,281,TRUE,In Progress,675,484,16-11-2024,15-03-2026,53.9,1
PRJ2416,Rajasthan,Jodhpur,Irrigation Canal,2734.9,163.3,2571.6,6,3,5,295,FALSE,Completed,528,1658,12-04-2025,26-10-2029,41.3,0
PRJ2417,Maharashtra,Thane,Highway,485.1,34.4,450.7,7.1,4,3,219,TRUE,Pending,310,1060,16-11-2025,11-10-2028,62.2,1
PRJ2418,Bihar,Bhagalpur,Industrial Corridor,2818.5,2177.6,640.9,77.3,0,0,0,FALSE,Completed,734,641,18-09-2024,21-06-2026,14,0
PRJ2419,Odisha,Cuttack,Industrial Corridor,409.2,122.6,286.6,29.9,5,2,143,FALSE,Completed,782,635,01-08-2024,28-04-2026,30.6,0
PRJ2420,West Bengal,Asansol,Urban Infrastructure,993.3,364.5,628.8,36.7,1,1,183,FALSE,Completed,743,1752,09-09-2024,27-06-2029,20.3,0
PRJ2421,West Bengal,Asansol,Highway,92.7,45.4,47.3,49,4,1,125,FALSE,Pending,1231,1453,10-05-2023,02-05-2027,34.4,0
PRJ2422,Assam,Guwahati,Highway,1618.2,541.8,1076.4,33.5,4,5,136,TRUE,In Progress,791,851,23-07-2024,21-11-2026,61.8,1
PRJ2423,Maharashtra,Pune,Highway,2490.7,1989.3,501.4,79.9,2,0,40,TRUE,Completed,1488,1295,26-08-2022,13-03-2026,20.2,0
PRJ2424,West Bengal,Asansol,Industrial Corridor,2872.2,89.4,2782.8,3.1,2,1,135,TRUE,Pending,181,1703,25-03-2026,22-11-2030,45.9,0
PRJ2425,Rajasthan,Udaipur,Industrial Corridor,72.6,14.2,58.4,19.5,2,4,155,FALSE,In Progress,831,1461,13-06-2024,13-06-2028,45.1,0
PRJ2426,Bihar,Gaya,Industrial Corridor,1222.7,27.5,1195.2,2.3,8,6,229,FALSE,In Progress,141,708,04-05-2026,11-04-2028,65.4,1
PRJ2427,West Bengal,Asansol,Power Transmission Line,810.4,81.7,728.7,10.1,1,1,132,FALSE,In Progress,221,1513,13-02-2026,06-04-2030,33.8,0
PRJ2428,Rajasthan,Jodhpur,Highway,1738.7,1395.3,343.4,80.2,1,3,92,TRUE,In Progress,907,372,29-03-2024,05-04-2025,37.4,0
PRJ2429,Maharashtra,Thane,Urban Infrastructure,971.5,50.2,921.3,5.2,3,3,243,TRUE,In Progress,726,1981,26-09-2024,28-02-2030,58.5,1
PRJ2430,Bihar,Muzaffarpur,Urban Infrastructure,2993.3,2993.3,0,100,3,0,113,TRUE,Completed,872,444,03-05-2024,21-07-2025,40.1,0
PRJ2431,Maharashtra,Nashik,Industrial Corridor,97.2,51.9,45.3,53.4,1,2,230,FALSE,In Progress,1235,1486,06-05-2023,31-05-2027,25.3,0
PRJ2432,Rajasthan,Jaipur,Irrigation Canal,1354.7,41.8,1312.9,3.1,2,3,214,FALSE,Completed,103,1736,11-06-2026,13-03-2031,38,0
PRJ2433,Rajasthan,Udaipur,Urban Infrastructure,1708,1030.2,677.8,60.3,0,1,170,TRUE,In Progress,825,724,19-06-2024,13-06-2026,35.6,0
PRJ2434,Assam,Dibrugarh,Power Transmission Line,1401.6,338.5,1063.1,24.2,4,6,253,FALSE,Pending,1325,1559,05-02-2023,14-05-2027,56.6,1
PRJ2435,Bihar,Gaya,Power Transmission Line,684.7,336.5,348.2,49.1,2,2,102,TRUE,Completed,818,819,26-06-2024,23-09-2026,29.1,0
PRJ2436,West Bengal,Kolkata,Highway,1257.9,1257.9,0,100,2,0,74,FALSE,Completed,1359,543,02-01-2023,28-06-2024,1,0
PRJ2437,Rajasthan,Jaipur,Urban Infrastructure,1041.3,275.6,765.7,26.5,0,1,70,FALSE,Completed,522,1020,18-04-2025,02-02-2028,23.4,0
PRJ2438,West Bengal,Howrah,Urban Infrastructure,2421.3,1408.6,1012.7,58.2,0,1,87,FALSE,Completed,1466,1805,17-09-2022,27-08-2027,5.9,0
PRJ2439,Assam,Dibrugarh,Highway,2067.8,841.2,1226.6,40.7,4,3,161,FALSE,In Progress,1007,663,20-12-2023,13-10-2025,35.9,0
PRJ2440,Maharashtra,Nashik,Power Transmission Line,1826.9,36.5,1790.4,2,7,1,355,TRUE,Completed,101,1202,13-06-2026,27-09-2029,61.1,1
PRJ2441,Rajasthan,Jodhpur,Irrigation Canal,2738.1,1009.9,1728.2,36.9,4,0,120,TRUE,Completed,1225,1567,16-05-2023,30-08-2027,35.9,0
PRJ2442,Rajasthan,Jaipur,Irrigation Canal,2101.7,2029.9,71.8,96.6,2,1,148,FALSE,Completed,1077,1026,11-10-2023,02-08-2026,8.7,0
PRJ2443,Assam,Guwahati,Urban Infrastructure,768.2,81,687.2,10.5,4,2,217,TRUE,Completed,1431,1587,22-10-2022,25-02-2027,52,1
PRJ2444,West Bengal,Asansol,Irrigation Canal,1932.5,1648.8,283.7,85.3,4,3,187,TRUE,Completed,1012,841,15-12-2023,04-04-2026,33.8,0
PRJ2445,Assam,Guwahati,Highway,2050.3,150.9,1899.4,7.4,3,5,176,FALSE,In Progress,543,1404,28-03-2025,30-01-2029,45.4,0
PRJ2446,Odisha,Bhubaneswar,Power Transmission Line,2051.4,226.1,1825.3,11,1,0,115,FALSE,In Progress,88,560,26-06-2026,07-01-2028,32.7,0
PRJ2447,Rajasthan,Udaipur,Industrial Corridor,963.8,52.2,911.6,5.4,1,1,119,FALSE,Completed,88,1498,26-06-2026,02-08-2030,15.7,0
PRJ2448,Rajasthan,Udaipur,Industrial Corridor,143.7,56.6,87.1,39.4,9,1,111,FALSE,In Progress,1461,841,22-09-2022,10-01-2025,21,0
PRJ2449,Rajasthan,Udaipur,Railway Corridor,607.9,135.4,472.5,22.3,2,1,268,TRUE,Pending,1235,1617,06-05-2023,09-10-2027,48.5,0
PRJ2450,West Bengal,Kolkata,Power Transmission Line,2675.8,114,2561.8,4.3,0,1,81,FALSE,In Progress,129,1722,16-05-2026,01-02-2031,24.7,0
PRJ2451,Madhya Pradesh,Indore,Railway Corridor,1594.3,1594.3,0,100,3,0,117,TRUE,In Progress,1432,617,21-10-2022,29-06-2024,18.2,0
PRJ2452,Rajasthan,Jodhpur,Urban Infrastructure,1396,1181.2,214.8,84.6,1,0,12,FALSE,In Progress,1286,760,16-03-2023,14-04-2025,3.7,0
PRJ2453,Uttar Pradesh,Lucknow,Power Transmission Line,388,45,343,11.6,7,7,330,TRUE,In Progress,1247,835,24-04-2023,06-08-2025,78.9,1
PRJ2454,Rajasthan,Kota,Highway,165.6,78.8,86.8,47.6,1,1,182,FALSE,Completed,1097,1247,21-09-2023,19-02-2027,24.7,0
PRJ2455,Assam,Dibrugarh,Highway,288.9,60.4,228.5,20.9,7,3,376,FALSE,In Progress,1381,476,11-12-2022,31-03-2024,43.1,0
PRJ2456,West Bengal,Asansol,Railway Corridor,1984.7,419.5,1565.2,21.1,4,2,205,TRUE,Completed,932,874,04-03-2024,26-07-2026,51.4,1
PRJ2457,Uttar Pradesh,Agra,Power Transmission Line,1703.1,114.3,1588.8,6.7,2,3,101,TRUE,In Progress,75,490,09-07-2026,11-11-2027,52.2,1
PRJ2458,Madhya Pradesh,Jabalpur,Railway Corridor,1106.6,557.2,549.4,50.3,1,0,0,FALSE,In Progress,1083,1896,05-10-2023,13-12-2028,9.2,0
PRJ2459,Odisha,Bhubaneswar,Industrial Corridor,1425.7,958.7,467,67.2,3,2,136,TRUE,Completed,1154,882,26-07-2023,24-12-2025,44.4,0
PRJ2460,Uttar Pradesh,Agra,Railway Corridor,2028.4,402.1,1626.3,19.8,3,2,98,FALSE,In Progress,1154,1488,26-07-2023,22-08-2027,37.1,0
PRJ2461,Rajasthan,Jodhpur,Railway Corridor,2609.3,1194.1,1415.2,45.8,0,0,135,FALSE,Pending,574,842,25-02-2025,17-06-2027,22.3,0
PRJ2462,Odisha,Cuttack,Irrigation Canal,1954.1,299.9,1654.2,15.3,5,0,193,FALSE,Completed,547,1374,24-03-2025,27-12-2028,29.7,0
PRJ2463,Uttar Pradesh,Meerut,Highway,205.8,50.3,155.5,24.4,3,6,256,TRUE,In Progress,345,412,12-10-2025,28-11-2026,60.1,1
PRJ2464,Assam,Dibrugarh,Power Transmission Line,890.9,306.4,584.5,34.4,1,1,58,FALSE,Completed,486,934,24-05-2025,14-12-2027,23.9,0
PRJ2465,Maharashtra,Nashik,Highway,2875.8,84.7,2791.1,2.9,2,3,115,FALSE,In Progress,76,807,08-07-2026,22-09-2028,38.7,0
PRJ2466,Uttar Pradesh,Varanasi,Irrigation Canal,261.5,177.5,84,67.9,2,0,180,FALSE,In Progress,1172,922,08-07-2023,15-01-2026,16.2,0
PRJ2467,Odisha,Cuttack,Power Transmission Line,1032.5,176.8,855.7,17.1,4,0,74,FALSE,Pending,266,368,30-12-2025,02-01-2027,38,0
PRJ2468,Madhya Pradesh,Indore,Industrial Corridor,1509.9,702,807.9,46.5,3,2,161,FALSE,Completed,1401,1415,21-11-2022,06-10-2026,15.2,0
PRJ2469,West Bengal,Howrah,Industrial Corridor,2053.9,843.9,1210,41.1,4,1,150,TRUE,Pending,697,693,25-10-2024,18-09-2026,52,1
PRJ2470,Maharashtra,Aurangabad,Railway Corridor,2721,544.4,2176.6,20,4,1,292,FALSE,In Progress,927,1562,09-03-2024,18-06-2028,33.7,0
PRJ2471,Uttar Pradesh,Meerut,Industrial Corridor,2443.8,1101.3,1342.5,45.1,6,3,212,FALSE,In Progress,672,566,19-11-2024,08-06-2026,36.5,0
PRJ2472,Assam,Guwahati,Irrigation Canal,2457.1,133.7,2323.4,5.4,4,4,326,TRUE,In Progress,853,1834,22-05-2024,30-05-2029,73.9,1
PRJ2473,Maharashtra,Pune,Industrial Corridor,919,252.1,666.9,27.4,2,0,184,TRUE,Completed,514,703,26-04-2025,30-03-2027,30.3,0
PRJ2474,Rajasthan,Jaipur,Industrial Corridor,2518.6,861.9,1656.7,34.2,3,1,182,TRUE,Pending,323,493,03-11-2025,11-03-2027,55.5,1
PRJ2475,Rajasthan,Udaipur,Industrial Corridor,1305.8,442.3,863.5,33.9,1,3,15,FALSE,Completed,813,1582,01-07-2024,30-10-2028,30.1,0
PRJ2476,Rajasthan,Jodhpur,Urban Infrastructure,1143.2,489.2,654,42.8,3,2,140,FALSE,Completed,1238,1931,03-05-2023,15-08-2028,17.3,0
PRJ2477,Maharashtra,Nashik,Irrigation Canal,1814.4,1454.8,359.6,80.2,1,1,38,FALSE,Pending,1286,805,16-03-2023,29-05-2025,17.4,0
PRJ2478,Bihar,Muzaffarpur,Irrigation Canal,826.7,68.2,758.5,8.3,3,2,239,TRUE,In Progress,790,1858,24-07-2024,25-08-2029,51.8,1
PRJ2479,Odisha,Rourkela,Irrigation Canal,298.8,113.1,185.7,37.8,3,2,248,TRUE,Completed,1155,665,25-07-2023,20-05-2025,45.5,0
PRJ2480,Uttar Pradesh,Varanasi,Industrial Corridor,556.8,431.4,125.4,77.5,5,0,205,FALSE,In Progress,965,384,31-01-2024,18-02-2025,16,0
PRJ2481,Madhya Pradesh,Bhopal,Power Transmission Line,1566,78.2,1487.8,5,1,1,232,TRUE,In Progress,411,1962,07-08-2025,21-12-2030,44.6,0
PRJ2482,Assam,Silchar,Industrial Corridor,1039.5,217.8,821.7,21,1,1,133,FALSE,Completed,448,1025,01-07-2025,21-04-2028,25.5,0
PRJ2483,Bihar,Bhagalpur,Irrigation Canal,1232.4,627.6,604.8,50.9,2,2,360,TRUE,In Progress,1435,380,18-10-2022,02-11-2023,44.8,0
PRJ2484,West Bengal,Kolkata,Power Transmission Line,2305.6,776.8,1528.8,33.7,2,1,126,TRUE,Completed,1125,1195,24-08-2023,01-12-2026,41.5,0
PRJ2485,Rajasthan,Jaipur,Highway,2298.3,675.4,1622.9,29.4,5,1,237,FALSE,In Progress,1178,1266,02-07-2023,19-12-2026,31.3,0
PRJ2486,Rajasthan,Jodhpur,Industrial Corridor,2221.5,932.5,1289,42,2,0,0,FALSE,In Progress,594,1176,05-02-2025,26-04-2028,17.8,0
PRJ2487,West Bengal,Asansol,Urban Infrastructure,870.1,358.9,511.2,41.3,1,1,203,FALSE,In Progress,862,853,13-05-2024,13-09-2026,19.5,0
PRJ2488,Bihar,Patna,Irrigation Canal,1975.9,656.5,1319.4,33.2,0,2,198,FALSE,In Progress,1265,1318,06-04-2023,14-11-2026,27.6,0
PRJ2489,Bihar,Bhagalpur,Industrial Corridor,757.7,432.3,325.4,57.1,1,1,115,FALSE,Completed,1459,1689,24-09-2022,10-05-2027,15.9,0
PRJ2490,Rajasthan,Jaipur,Industrial Corridor,189.3,66.9,122.4,35.4,1,0,105,FALSE,Completed,777,1226,06-08-2024,15-12-2027,17,0
PRJ2491,Maharashtra,Nagpur,Irrigation Canal,1032.5,188.9,843.6,18.3,3,3,205,FALSE,Pending,1359,874,02-01-2023,25-05-2025,57.7,1
PRJ2492,Bihar,Gaya,Urban Infrastructure,2193.4,1317.8,875.6,60.1,2,3,108,FALSE,Completed,810,545,04-07-2024,31-12-2025,20.1,0
PRJ2493,Odisha,Rourkela,Railway Corridor,801.7,366.3,435.4,45.7,1,2,72,FALSE,Completed,1040,1176,17-11-2023,05-02-2027,20.7,0
PRJ2494,Assam,Guwahati,Railway Corridor,2177.8,682.5,1495.3,31.3,1,2,181,FALSE,In Progress,978,1569,18-01-2024,05-05-2028,34.4,0
PRJ2495,Uttar Pradesh,Kanpur,Railway Corridor,1580.5,1282.4,298.1,81.1,1,0,26,FALSE,Completed,1274,937,28-03-2023,20-10-2025,1,0
PRJ2496,Bihar,Bhagalpur,Urban Infrastructure,1796.2,213.5,1582.7,11.9,4,3,141,FALSE,Completed,480,1851,30-05-2025,24-06-2030,31.2,0
PRJ2497,Assam,Dibrugarh,Highway,861.1,486.7,374.4,56.5,2,1,178,FALSE,In Progress,1283,1517,19-03-2023,14-05-2027,13.6,0
PRJ2498,Maharashtra,Pune,Highway,97.1,42.9,54.2,44.2,4,1,170,FALSE,Completed,1475,1484,08-09-2022,01-10-2026,14.4,0
PRJ2499,Madhya Pradesh,Bhopal,Railway Corridor,2442.5,1191.3,1251.2,48.8,5,1,129,FALSE,In Progress,750,518,02-09-2024,02-02-2026,33,0
PRJ2500,West Bengal,Howrah,Urban Infrastructure,2962.5,742,2220.5,25,2,1,130,TRUE,In Progress,650,887,11-12-2024,17-05-2027,45.9,0
PRJ2501,Madhya Pradesh,Indore,Irrigation Canal,1072.3,463.8,608.5,43.3,4,1,270,FALSE,Pending,1103,574,15-09-2023,11-04-2025,32.6,0
PRJ2502,Odisha,Bhubaneswar,Power Transmission Line,1430.4,106.8,1323.6,7.5,1,0,152,FALSE,In Progress,219,1812,15-02-2026,01-02-2031,20.2,0
PRJ2503,Madhya Pradesh,Indore,Industrial Corridor,1546.2,316.5,1229.7,20.5,5,5,325,FALSE,Completed,1282,1053,20-03-2023,05-02-2026,51.8,1
PRJ2504,Assam,Dibrugarh,Railway Corridor,1195.9,1195.9,0,100,2,2,112,FALSE,Completed,1245,519,26-04-2023,26-09-2024,6.7,0
PRJ2505,Bihar,Gaya,Railway Corridor,2218.4,2218.4,0,100,1,1,139,FALSE,Completed,911,555,25-03-2024,01-10-2025,16.2,0
PRJ2506,Uttar Pradesh,Meerut,Urban Infrastructure,491.3,75.1,416.2,15.3,3,0,178,TRUE,Completed,538,823,02-04-2025,04-07-2027,44.2,0
PRJ2507,Uttar Pradesh,Meerut,Power Transmission Line,2187,1684.7,502.3,77,2,2,107,FALSE,Pending,1020,550,07-12-2023,09-06-2025,35.3,0
PRJ2508,Rajasthan,Kota,Railway Corridor,827.5,160.4,667.1,19.4,1,5,151,TRUE,Pending,1158,1706,22-07-2023,23-03-2028,66.7,1
PRJ2509,Assam,Dibrugarh,Urban Infrastructure,2882.3,287.4,2594.9,10,2,0,133,FALSE,In Progress,206,1371,28-02-2026,30-11-2029,34.1,0
PRJ2510,Odisha,Rourkela,Highway,744.7,522.1,222.6,70.1,2,0,238,FALSE,Completed,1219,846,22-05-2023,14-09-2025,16.6,0
PRJ2511,Uttar Pradesh,Meerut,Highway,2902.4,2902.4,0,100,2,3,121,FALSE,In Progress,1361,506,31-12-2022,20-05-2024,10.9,0
PRJ2512,Odisha,Cuttack,Highway,2304.7,420.2,1884.5,18.2,4,1,191,TRUE,Pending,888,1421,17-04-2024,08-03-2028,52.7,1
PRJ2513,Rajasthan,Udaipur,Industrial Corridor,590.8,309.1,281.7,52.3,3,1,44,FALSE,Pending,444,742,05-07-2025,17-07-2027,21.7,0
PRJ2514,Rajasthan,Kota,Urban Infrastructure,1534.4,993.4,541,64.7,3,1,131,FALSE,In Progress,889,876,16-04-2024,09-09-2026,42.4,0
PRJ2515,Assam,Guwahati,Urban Infrastructure,383.8,383.8,0,100,1,0,0,FALSE,Completed,837,685,07-06-2024,23-04-2026,7,0
PRJ2516,Uttar Pradesh,Kanpur,Railway Corridor,1707.8,790.6,917.2,46.3,5,4,242,TRUE,In Progress,999,451,28-12-2023,23-03-2025,50.9,1
PRJ2517,Madhya Pradesh,Jabalpur,Urban Infrastructure,1399.8,447.5,952.3,32,4,1,138,TRUE,In Progress,1049,1654,08-11-2023,19-05-2028,44.8,0
PRJ2518,Assam,Dibrugarh,Railway Corridor,2786.6,118.8,2667.8,4.3,5,3,252,FALSE,Completed,167,858,08-04-2026,13-08-2028,44.8,0
PRJ2519,Assam,Guwahati,Railway Corridor,2743.1,531.4,2211.7,19.4,2,1,155,TRUE,In Progress,459,1352,20-06-2025,03-03-2029,41.9,0
PRJ2520,Maharashtra,Nashik,Highway,1153.3,432.5,720.8,37.5,0,1,156,TRUE,Pending,515,899,25-04-2025,11-10-2027,39.1,0
PRJ2521,Rajasthan,Jodhpur,Railway Corridor,525,468,57,89.2,0,2,91,FALSE,In Progress,1004,646,23-12-2023,29-09-2025,8.3,0
PRJ2522,Uttar Pradesh,Varanasi,Urban Infrastructure,2310.8,879.8,1431,38.1,2,1,87,FALSE,In Progress,1457,1685,26-09-2022,08-05-2027,20.1,0
PRJ2523,Odisha,Cuttack,Irrigation Canal,541.7,189.4,352.3,35,5,4,302,FALSE,Completed,549,394,22-03-2025,20-04-2026,24.2,0
PRJ2524,West Bengal,Howrah,Industrial Corridor,1410.3,113.8,1296.5,8.1,0,2,86,TRUE,Completed,489,1708,21-05-2025,23-01-2030,33.2,0
PRJ2525,Rajasthan,Udaipur,Industrial Corridor,2327.3,2327.3,0,100,3,0,10,FALSE,In Progress,1496,688,18-08-2022,06-07-2024,11.4,0
PRJ2526,Bihar,Patna,Irrigation Canal,2780.9,1408.4,1372.5,50.6,3,2,160,FALSE,Completed,1316,1864,14-02-2023,23-03-2028,17.2,0
PRJ2527,Uttar Pradesh,Agra,Highway,2224,1632.6,591.4,73.4,2,1,76,TRUE,Completed,1015,1144,12-12-2023,29-01-2027,29.8,0
PRJ2528,Uttar Pradesh,Lucknow,Railway Corridor,572,528.2,43.8,92.3,2,1,96,FALSE,In Progress,729,534,23-09-2024,11-03-2026,13.4,0
PRJ2529,Rajasthan,Udaipur,Industrial Corridor,1251.7,1251.7,0,100,1,0,78,FALSE,Completed,1213,664,28-05-2023,22-03-2025,1,0
PRJ2530,Odisha,Bhubaneswar,Urban Infrastructure,558,386.4,171.6,69.3,1,0,25,FALSE,In Progress,751,864,01-09-2024,13-01-2027,10.6,0
PRJ2531,Odisha,Bhubaneswar,Irrigation Canal,2649.9,211.1,2438.8,8,3,2,289,FALSE,Completed,1138,1879,11-08-2023,02-10-2028,37.6,0
PRJ2532,Uttar Pradesh,Meerut,Urban Infrastructure,81.2,67.9,13.3,83.6,0,0,58,FALSE,Completed,1342,1003,19-01-2023,18-10-2025,1,0
PRJ2533,Maharashtra,Nashik,Power Transmission Line,985.5,423,562.5,42.9,0,1,156,TRUE,In Progress,752,641,31-08-2024,03-06-2026,38.7,0
PRJ2534,Madhya Pradesh,Indore,Highway,545.3,81.5,463.8,14.9,5,3,233,FALSE,Completed,1238,1794,03-05-2023,31-03-2028,34,0
PRJ2535,Maharashtra,Aurangabad,Railway Corridor,1209.6,570.7,638.9,47.2,0,3,71,FALSE,Pending,1240,1749,01-05-2023,13-02-2028,36.1,0
PRJ2536,Madhya Pradesh,Gwalior,Highway,1108.9,100.7,1008.2,9.1,4,3,334,FALSE,Completed,1305,1725,25-02-2023,16-11-2027,41,0
PRJ2537,Madhya Pradesh,Indore,Railway Corridor,1462.3,127.9,1334.4,8.7,1,0,261,TRUE,In Progress,195,1349,11-03-2026,19-11-2029,50.6,1
PRJ2538,Uttar Pradesh,Agra,Industrial Corridor,2981.7,370.6,2611.1,12.4,3,2,224,FALSE,In Progress,230,766,04-02-2026,11-03-2028,24.8,0
PRJ2539,Uttar Pradesh,Meerut,Industrial Corridor,1774.6,1359.8,414.8,76.6,0,2,162,FALSE,In Progress,1360,1006,01-01-2023,03-10-2025,11.8,0
PRJ2540,Madhya Pradesh,Gwalior,Industrial Corridor,2259.5,658,1601.5,29.1,2,1,161,FALSE,Pending,651,1526,10-12-2024,13-02-2029,43.2,0
PRJ2541,Rajasthan,Jaipur,Railway Corridor,2057.9,714.7,1343.2,34.7,0,0,95,TRUE,Completed,722,1453,30-09-2024,22-09-2028,30.4,0
PRJ2542,Madhya Pradesh,Jabalpur,Industrial Corridor,1755.3,460.5,1294.8,26.2,1,1,122,FALSE,Completed,668,1413,23-11-2024,06-10-2028,25.1,0
PRJ2543,Rajasthan,Udaipur,Power Transmission Line,1264.9,186.5,1078.4,14.7,0,0,80,FALSE,Completed,238,1159,27-01-2026,31-03-2029,27.5,0
PRJ2544,Uttar Pradesh,Kanpur,Industrial Corridor,1302.1,166.4,1135.7,12.8,1,0,0,FALSE,Completed,207,1045,27-02-2026,07-01-2029,5.9,0
PRJ2545,Odisha,Rourkela,Irrigation Canal,2462,1334.4,1127.6,54.2,2,1,94,TRUE,Completed,433,516,16-07-2025,14-12-2026,25.9,0
PRJ2546,Bihar,Muzaffarpur,Highway,1056.9,881.2,175.7,83.4,3,0,94,FALSE,In Progress,1441,1140,12-10-2022,25-11-2025,21.3,0
PRJ2547,Madhya Pradesh,Jabalpur,Power Transmission Line,2699.7,723.6,1976.1,26.8,2,1,177,FALSE,In Progress,781,1228,02-08-2024,13-12-2027,45.3,0
PRJ2548,Uttar Pradesh,Kanpur,Industrial Corridor,2176.6,641.5,1535.1,29.5,2,2,185,FALSE,Completed,713,1341,09-10-2024,11-06-2028,35.1,0
PRJ2549,West Bengal,Kolkata,Highway,1172.3,648.6,523.7,55.3,0,1,147,FALSE,Pending,1489,1115,25-08-2022,13-09-2025,25.6,0
PRJ2550,Maharashtra,Thane,Power Transmission Line,2676.2,695.5,1980.7,26,2,2,245,FALSE,Completed,1032,800,25-11-2023,02-02-2026,39.5,0
PRJ2551,Madhya Pradesh,Indore,Industrial Corridor,2900.9,1657.3,1243.6,57.1,1,0,135,FALSE,Completed,741,851,11-09-2024,10-01-2027,9.1,0
PRJ2552,Odisha,Rourkela,Urban Infrastructure,1858.3,569,1289.3,30.6,2,0,127,TRUE,In Progress,941,1353,24-02-2024,08-11-2027,42.9,0
PRJ2553,Bihar,Patna,Highway,1881.9,1881.9,0,100,0,0,84,FALSE,Completed,843,453,01-06-2024,28-08-2025,1,0
PRJ2554,Bihar,Gaya,Power Transmission Line,2158.9,1131.7,1027.2,52.4,3,1,106,TRUE,Completed,1380,1486,12-12-2022,06-01-2027,29.3,0
PRJ2555,Bihar,Patna,Power Transmission Line,2946.5,2946.5,0,100,2,0,38,FALSE,Completed,1101,806,17-09-2023,01-12-2025,1,0
PRJ2556,Uttar Pradesh,Kanpur,Highway,1885.6,720.7,1164.9,38.2,9,3,190,TRUE,Completed,1133,902,16-08-2023,03-02-2026,68.3,1
PRJ2557,Odisha,Cuttack,Irrigation Canal,1573,937.3,635.7,59.6,2,2,88,FALSE,Completed,1329,1429,01-02-2023,31-12-2026,25.6,0
PRJ2558,Maharashtra,Aurangabad,Industrial Corridor,2962.5,2962.5,0,100,2,1,101,FALSE,In Progress,1467,912,16-09-2022,16-03-2025,28.4,0
PRJ2559,Uttar Pradesh,Varanasi,Power Transmission Line,2066.3,1143.2,923.1,55.3,5,1,99,FALSE,Completed,1368,1244,24-12-2022,21-05-2026,14.2,0
PRJ2560,Uttar Pradesh,Agra,Highway,1755.6,297.8,1457.8,17,6,3,142,TRUE,Completed,926,1955,10-03-2024,17-07-2029,54.4,1
PRJ2561,Uttar Pradesh,Kanpur,Urban Infrastructure,156.4,108.1,48.3,69.1,0,0,144,FALSE,In Progress,899,786,06-04-2024,01-06-2026,12,0
PRJ2562,Rajasthan,Udaipur,Urban Infrastructure,2549,377.3,2171.7,14.8,1,0,58,FALSE,In Progress,407,1730,11-08-2025,07-05-2030,22.2,0
PRJ2563,West Bengal,Durgapur,Railway Corridor,2143,1234.9,908.1,57.6,1,3,210,FALSE,In Progress,568,463,03-03-2025,09-06-2026,24.2,0
PRJ2564,Maharashtra,Nagpur,Irrigation Canal,1482.9,457.1,1025.8,30.8,2,1,265,FALSE,In Progress,1201,1396,09-06-2023,05-04-2027,26.4,0
PRJ2565,Odisha,Cuttack,Urban Infrastructure,2054.3,938.3,1116,45.7,4,2,145,FALSE,In Progress,1274,1453,28-03-2023,20-03-2027,33.6,0
PRJ2566,Rajasthan,Udaipur,Irrigation Canal,663,162.5,500.5,24.5,3,0,158,FALSE,Completed,1483,1919,31-08-2022,02-12-2027,22.6,0
PRJ2567,West Bengal,Durgapur,Railway Corridor,104.3,36.8,67.5,35.3,2,1,215,FALSE,Pending,1272,1429,30-03-2023,26-02-2027,36.7,0
PRJ2568,Maharashtra,Thane,Railway Corridor,1031.4,1031.4,0,100,0,0,24,FALSE,Pending,1064,562,24-10-2023,08-05-2025,8.6,0
PRJ2569,Bihar,Gaya,Irrigation Canal,441.2,111.3,329.9,25.2,3,1,144,FALSE,In Progress,287,758,09-12-2025,06-01-2028,29,0
PRJ2570,Bihar,Gaya,Power Transmission Line,147,147,0,100,1,0,124,TRUE,Completed,1306,724,24-02-2023,17-02-2025,27.6,0
PRJ2571,Madhya Pradesh,Bhopal,Railway Corridor,2296.7,238,2058.7,10.4,4,4,260,FALSE,In Progress,912,1940,24-03-2024,16-07-2029,45.4,0
PRJ2572,Madhya Pradesh,Gwalior,Highway,1766.5,172.3,1594.2,9.8,3,0,256,FALSE,Completed,332,1372,25-10-2025,28-07-2029,38.5,0
PRJ2573,Rajasthan,Kota,Power Transmission Line,492.7,10.6,482.1,2.2,3,2,114,TRUE,Completed,490,1735,20-05-2025,18-02-2030,44.9,0
PRJ2574,Uttar Pradesh,Kanpur,Railway Corridor,1683.2,561.8,1121.4,33.4,4,3,137,TRUE,In Progress,477,709,02-06-2025,12-05-2027,52.2,1
PRJ2575,Odisha,Cuttack,Industrial Corridor,2050,271,1779,13.2,1,1,19,FALSE,Completed,365,1496,22-09-2025,27-10-2029,19.3,0
PRJ2576,Assam,Guwahati,Industrial Corridor,1530.5,296.5,1234,19.4,0,1,15,TRUE,In Progress,742,1728,10-09-2024,04-06-2029,32.3,0
PRJ2577,Assam,Silchar,Irrigation Canal,2279.4,361.7,1917.7,15.9,1,1,0,FALSE,Completed,244,997,21-01-2026,14-10-2028,22.6,0
PRJ2578,West Bengal,Asansol,Railway Corridor,2729.9,2358.4,371.5,86.4,2,1,96,TRUE,Completed,1206,663,04-06-2023,28-03-2025,24,0
PRJ2579,West Bengal,Kolkata,Railway Corridor,1853.2,637,1216.2,34.4,3,0,64,FALSE,In Progress,942,1121,23-02-2024,20-03-2027,24.6,0
PRJ2580,Bihar,Bhagalpur,Industrial Corridor,1937.3,1354.4,582.9,69.9,3,1,75,FALSE,Completed,796,657,18-07-2024,06-05-2026,17.7,0
PRJ2581,Madhya Pradesh,Jabalpur,Urban Infrastructure,238.5,10.3,228.2,4.3,4,0,172,TRUE,Pending,233,1702,01-02-2026,30-09-2030,53.2,1
PRJ2582,Bihar,Muzaffarpur,Highway,496.6,496.6,0,100,1,0,16,FALSE,Completed,1311,864,19-02-2023,02-07-2025,1,0
PRJ2583,Bihar,Muzaffarpur,Urban Infrastructure,402.1,14.3,387.8,3.6,7,3,208,FALSE,In Progress,1068,1456,20-10-2023,15-10-2027,58.3,1
PRJ2584,Assam,Dibrugarh,Power Transmission Line,2262,631.1,1630.9,27.9,2,0,231,TRUE,Completed,911,934,25-03-2024,15-10-2026,45.4,0
PRJ2585,Assam,Silchar,Power Transmission Line,1929.5,109,1820.5,5.7,2,1,149,FALSE,In Progress,99,1564,15-06-2026,26-09-2030,44.1,0
PRJ2586,Assam,Dibrugarh,Power Transmission Line,172.1,47.4,124.7,27.5,3,0,132,FALSE,In Progress,680,1989,11-11-2024,23-04-2030,33.6,0
PRJ2587,Uttar Pradesh,Varanasi,Irrigation Canal,2241.3,994.6,1246.7,44.4,2,1,177,FALSE,In Progress,597,847,02-02-2025,30-05-2027,34.1,0
PRJ2588,Assam,Guwahati,Industrial Corridor,1774.2,631.7,1142.5,35.6,3,2,174,TRUE,In Progress,1401,738,21-11-2022,28-11-2024,51.7,1
PRJ2589,Assam,Silchar,Highway,1951.5,394.4,1557.1,20.2,4,1,240,TRUE,In Progress,367,777,20-09-2025,06-11-2027,50.1,1
PRJ2590,Madhya Pradesh,Indore,Highway,1534.2,171.9,1362.3,11.2,0,0,0,FALSE,Completed,115,985,30-05-2026,08-02-2029,17.3,0
PRJ2591,Uttar Pradesh,Lucknow,Irrigation Canal,449.2,99.8,349.4,22.2,0,1,280,TRUE,In Progress,718,1862,04-10-2024,09-11-2029,44.5,0
PRJ2592,Uttar Pradesh,Meerut,Industrial Corridor,1958.3,605.9,1352.4,30.9,1,0,216,FALSE,In Progress,1238,996,03-05-2023,23-01-2026,31.8,0
PRJ2593,Madhya Pradesh,Bhopal,Industrial Corridor,2190.8,889.9,1300.9,40.6,0,0,0,FALSE,Completed,1404,1926,18-11-2022,26-02-2028,7.4,0
PRJ2594,Maharashtra,Pune,Power Transmission Line,775.1,669.2,105.9,86.3,2,1,125,TRUE,In Progress,1492,863,22-08-2022,01-01-2025,38.6,0
PRJ2595,Uttar Pradesh,Kanpur,Industrial Corridor,1074.5,72.5,1002,6.7,4,4,279,TRUE,Completed,911,1187,25-03-2024,25-06-2027,49.6,0
PRJ2596,West Bengal,Durgapur,Industrial Corridor,52.4,31,21.4,59.3,1,0,181,FALSE,Completed,872,948,03-05-2024,07-12-2026,15.3,0
PRJ2597,Odisha,Cuttack,Power Transmission Line,2510.5,2046.4,464.1,81.5,2,1,63,FALSE,Completed,841,523,03-06-2024,08-11-2025,12.2,0
PRJ2598,Assam,Silchar,Railway Corridor,886.9,139,747.9,15.7,1,2,184,FALSE,Completed,838,1852,06-06-2024,02-07-2029,28.3,0
PRJ2599,Uttar Pradesh,Kanpur,Highway,1159.9,457,702.9,39.4,3,3,119,TRUE,Completed,914,1002,22-03-2024,19-12-2026,36.7,0
PRJ2600,Assam,Silchar,Railway Corridor,2146.2,773.6,1372.6,36,1,1,64,FALSE,Completed,485,1064,25-05-2025,23-04-2028,21.8,0
PRJ2601,Odisha,Bhubaneswar,Railway Corridor,537.9,537.9,0,100,2,0,42,FALSE,In Progress,1278,1046,24-03-2023,02-02-2026,4.4,0
PRJ2602,Rajasthan,Kota,Urban Infrastructure,463.7,303.9,159.8,65.5,6,3,67,TRUE,Completed,1378,1457,14-12-2022,10-12-2026,44.2,0
PRJ2603,Maharashtra,Nashik,Railway Corridor,2131.9,168.1,1963.8,7.9,5,2,247,TRUE,Completed,206,695,28-02-2026,24-01-2028,48.7,0
PRJ2604,Bihar,Gaya,Highway,1775.1,35.5,1739.6,2,1,3,270,FALSE,In Progress,95,1907,19-06-2026,08-09-2031,44.8,0
PRJ2605,Maharashtra,Aurangabad,Urban Infrastructure,606.9,22.3,584.6,3.7,3,2,134,TRUE,Completed,121,1484,24-05-2026,16-06-2030,49.5,0
PRJ2606,Bihar,Patna,Railway Corridor,1802.3,483.8,1318.5,26.8,0,0,197,TRUE,In Progress,1226,1596,15-05-2023,27-09-2027,51.1,1
PRJ2607,Bihar,Muzaffarpur,Power Transmission Line,856.3,628.5,227.8,73.4,2,3,60,TRUE,Pending,1227,803,14-05-2023,25-07-2025,34.2,0
PRJ2608,Odisha,Rourkela,Highway,2700.3,321.4,2378.9,11.9,3,5,219,FALSE,In Progress,815,1501,29-06-2024,08-08-2028,32,0
PRJ2609,West Bengal,Howrah,Irrigation Canal,2497.3,151.4,2345.9,6.1,0,2,181,FALSE,Pending,193,1520,13-03-2026,11-05-2030,35.8,0
PRJ2610,Madhya Pradesh,Bhopal,Railway Corridor,2397.7,436.2,1961.5,18.2,1,1,147,TRUE,Completed,884,1804,21-04-2024,30-03-2029,28.7,0
PRJ2611,Bihar,Patna,Railway Corridor,1259.3,346,913.3,27.5,1,1,151,TRUE,In Progress,1379,1442,13-12-2022,24-11-2026,40.7,0
PRJ2612,Uttar Pradesh,Kanpur,Industrial Corridor,2849.7,93,2756.7,3.3,4,4,247,TRUE,In Progress,1120,1535,29-08-2023,11-11-2027,65.5,1
PRJ2613,Uttar Pradesh,Meerut,Highway,399.7,321.4,78.3,80.4,2,2,176,FALSE,In Progress,1209,888,01-06-2023,05-11-2025,18.7,0
PRJ2614,Rajasthan,Udaipur,Railway Corridor,126.5,17.1,109.4,13.5,0,0,245,FALSE,In Progress,413,1615,05-08-2025,06-01-2030,36.2,0
PRJ2615,Odisha,Bhubaneswar,Highway,875.2,17.7,857.5,2,9,3,233,FALSE,In Progress,295,1206,01-12-2025,21-03-2029,65.7,1
PRJ2616,Odisha,Rourkela,Urban Infrastructure,2368.9,433.7,1935.2,18.3,1,1,242,FALSE,Pending,1343,781,18-01-2023,09-03-2025,30.3,0
PRJ2617,Uttar Pradesh,Kanpur,Railway Corridor,667.6,234.4,433.2,35.1,0,1,0,FALSE,Pending,744,1236,08-09-2024,27-01-2028,11.2,0
PRJ2618,Rajasthan,Udaipur,Urban Infrastructure,1797.2,354,1443.2,19.7,1,1,86,FALSE,In Progress,864,1915,11-05-2024,08-08-2029,20.1,0
PRJ2619,Rajasthan,Kota,Railway Corridor,2448.9,983.1,1465.8,40.1,3,1,27,FALSE,In Progress,1055,1524,02-11-2023,04-01-2028,23.8,0
PRJ2620,Maharashtra,Aurangabad,Industrial Corridor,2836.3,562.3,2274,19.8,0,0,0,FALSE,In Progress,241,1282,24-01-2026,29-07-2029,15.3,0
PRJ2621,Odisha,Rourkela,Industrial Corridor,1144,71.9,1072.1,6.3,5,5,143,TRUE,In Progress,268,1842,28-12-2025,13-01-2031,66.6,1
PRJ2622,Bihar,Muzaffarpur,Railway Corridor,2349.2,899.4,1449.8,38.3,1,5,116,FALSE,In Progress,386,574,01-09-2025,29-03-2027,21.4,0
PRJ2623,Odisha,Cuttack,Highway,1748.1,586.2,1161.9,33.5,2,0,166,FALSE,In Progress,929,930,07-03-2024,23-09-2026,21.3,0
PRJ2624,Madhya Pradesh,Gwalior,Industrial Corridor,1409.4,593.1,816.3,42.1,5,0,126,TRUE,Pending,560,588,11-03-2025,20-10-2026,53.4,1
PRJ2625,Maharashtra,Thane,Irrigation Canal,970.2,265.2,705,27.3,1,0,0,FALSE,In Progress,372,800,15-09-2025,24-11-2027,27.6,0
PRJ2626,Madhya Pradesh,Gwalior,Power Transmission Line,2179.2,351.2,1828,16.1,7,0,266,TRUE,Completed,870,1312,05-05-2024,08-12-2027,45.1,0
PRJ2627,Maharashtra,Thane,Irrigation Canal,1488.4,449.3,1039.1,30.2,4,2,177,FALSE,In Progress,1492,441,22-08-2022,06-11-2023,36.2,0
PRJ2628,West Bengal,Durgapur,Railway Corridor,2053.8,430.8,1623,21,2,2,121,TRUE,Completed,890,1777,15-04-2024,25-02-2029,39.8,0
PRJ2629,Bihar,Gaya,Urban Infrastructure,1928.2,553.9,1374.3,28.7,3,1,140,TRUE,Completed,533,781,07-04-2025,28-05-2027,34.5,0
PRJ2630,West Bengal,Kolkata,Industrial Corridor,933.4,98.5,834.9,10.5,4,2,275,TRUE,In Progress,914,1323,22-03-2024,05-11-2027,58.9,1
PRJ2631,West Bengal,Howrah,Power Transmission Line,2808.6,1785.9,1022.7,63.6,0,0,104,FALSE,Completed,1120,988,29-08-2023,13-05-2026,9.2,0
PRJ2632,Odisha,Cuttack,Irrigation Canal,248.6,204.3,44.3,82.2,3,3,167,FALSE,Completed,1255,907,16-04-2023,09-10-2025,15.2,0
PRJ2633,Uttar Pradesh,Lucknow,Railway Corridor,1730.1,85.6,1644.5,4.9,6,1,224,FALSE,Completed,196,735,10-03-2026,14-03-2028,34.2,0
PRJ2634,West Bengal,Asansol,Irrigation Canal,1041.2,169.2,872,16.2,3,5,71,TRUE,In Progress,811,1207,03-07-2024,23-10-2027,53.4,1
PRJ2635,Madhya Pradesh,Bhopal,Industrial Corridor,2190.5,510.8,1679.7,23.3,1,0,207,FALSE,Completed,673,1188,18-11-2024,19-02-2028,13.8,0
PRJ2636,Bihar,Muzaffarpur,Power Transmission Line,2264.8,2264.8,0,100,6,1,235,TRUE,In Progress,1368,422,24-12-2022,19-02-2024,48.3,0
PRJ2637,Bihar,Bhagalpur,Irrigation Canal,1031,120.2,910.8,11.7,0,0,6,TRUE,In Progress,302,1628,24-11-2025,10-05-2030,47.3,0
PRJ2638,Bihar,Muzaffarpur,Irrigation Canal,1169.8,540.2,629.6,46.2,2,0,115,FALSE,In Progress,853,1092,22-05-2024,19-05-2027,26.5,0
PRJ2639,Uttar Pradesh,Varanasi,Railway Corridor,2275.7,310.5,1965.2,13.6,3,2,125,FALSE,In Progress,172,1106,03-04-2026,13-04-2029,26.6,0
PRJ2640,Rajasthan,Kota,Power Transmission Line,571.5,43.3,528.2,7.6,6,1,120,FALSE,In Progress,443,1956,06-07-2025,13-11-2030,37.2,0
PRJ2641,Maharashtra,Nashik,Urban Infrastructure,1199.8,54,1145.8,4.5,3,2,220,FALSE,In Progress,184,1357,22-03-2026,08-12-2029,39.4,0
PRJ2642,West Bengal,Kolkata,Railway Corridor,1919,1919,0,100,1,2,75,FALSE,Pending,1204,374,06-06-2023,14-06-2024,7,0
PRJ2643,Maharashtra,Nashik,Highway,541.6,83.4,458.2,15.4,0,5,125,FALSE,Completed,529,1167,11-04-2025,21-06-2028,25,0
PRJ2644,Madhya Pradesh,Bhopal,Urban Infrastructure,2623.5,273.8,2349.7,10.4,1,1,94,TRUE,Completed,294,1593,02-12-2025,13-04-2030,50.8,1
PRJ2645,Assam,Silchar,Highway,1711.7,644.6,1067.1,37.7,6,1,256,TRUE,Completed,1403,1062,19-11-2022,16-10-2025,41.3,0
PRJ2646,Bihar,Muzaffarpur,Irrigation Canal,2200.2,44,2156.2,2,4,1,170,TRUE,In Progress,79,1640,05-07-2026,31-12-2030,61.9,1
PRJ2647,West Bengal,Durgapur,Power Transmission Line,2395.4,871,1524.4,36.4,2,1,204,FALSE,Completed,604,843,26-01-2025,19-05-2027,14.5,0
PRJ2648,Uttar Pradesh,Lucknow,Urban Infrastructure,1512.9,1095.8,417.1,72.4,1,0,0,FALSE,Completed,1299,1778,03-03-2023,14-01-2028,1,0
PRJ2649,Bihar,Gaya,Highway,1494.6,839.9,654.7,56.2,0,0,72,FALSE,Pending,972,943,24-01-2024,24-08-2026,11.9,0
PRJ2650,Assam,Silchar,Urban Infrastructure,1328.3,57.8,1270.5,4.4,2,0,99,FALSE,Pending,140,1511,05-05-2026,24-06-2030,45.6,0
PRJ2651,Maharashtra,Nagpur,Irrigation Canal,1962.3,506.5,1455.8,25.8,3,2,256,TRUE,Completed,920,409,16-03-2024,29-04-2025,44.4,0
PRJ2652,Assam,Guwahati,Power Transmission Line,974.2,245,729.2,25.1,4,1,168,FALSE,In Progress,694,1387,28-10-2024,15-08-2028,35.3,0
PRJ2653,West Bengal,Kolkata,Railway Corridor,856.7,489.6,367.1,57.1,2,2,23,TRUE,Completed,1143,791,06-08-2023,05-10-2025,29.8,0
PRJ2654,Madhya Pradesh,Jabalpur,Industrial Corridor,1043.7,613.1,430.6,58.7,1,2,147,FALSE,Completed,384,399,03-09-2025,07-10-2026,16.4,0
PRJ2655,Bihar,Gaya,Highway,2583,1114.7,1468.3,43.2,5,2,262,FALSE,In Progress,1160,559,20-07-2023,29-01-2025,54.9,1
PRJ2656,Maharashtra,Nagpur,Urban Infrastructure,1244.5,84.1,1160.4,6.8,3,2,190,FALSE,In Progress,433,1843,16-07-2025,02-08-2030,31.8,0
PRJ2657,Odisha,Bhubaneswar,Highway,2224.7,1256.6,968.1,56.5,1,1,148,FALSE,Completed,913,1275,23-03-2024,19-09-2027,21.9,0
PRJ2658,Bihar,Bhagalpur,Railway Corridor,2563.8,2563.8,0,100,0,0,48,FALSE,Completed,1130,535,19-08-2023,04-02-2025,4.7,0
PRJ2659,Maharashtra,Nagpur,Urban Infrastructure,2688.5,414,2274.5,15.4,2,2,178,FALSE,Completed,497,1466,13-05-2025,18-05-2029,32,0
PRJ2660,Rajasthan,Udaipur,Power Transmission Line,2254.7,155.4,2099.3,6.9,6,1,156,TRUE,In Progress,540,1104,31-03-2025,08-04-2028,65.5,1
PRJ2661,Assam,Guwahati,Railway Corridor,2679.1,422.3,2256.8,15.8,1,2,3,FALSE,In Progress,94,575,20-06-2026,16-01-2028,24.1,0
PRJ2662,Odisha,Cuttack,Power Transmission Line,2570.9,1425.4,1145.5,55.4,3,1,111,FALSE,In Progress,1194,986,16-06-2023,26-02-2026,25.7,0
PRJ2663,Madhya Pradesh,Jabalpur,Industrial Corridor,2969.2,1476.3,1492.9,49.7,1,3,23,FALSE,In Progress,745,914,07-09-2024,10-03-2027,26.6,0
PRJ2664,Rajasthan,Udaipur,Industrial Corridor,2709.8,562.3,2147.5,20.8,1,1,54,FALSE,In Progress,433,976,16-07-2025,18-03-2028,37.5,0
PRJ2665,Maharashtra,Thane,Irrigation Canal,2519,1675.9,843.1,66.5,1,2,167,FALSE,Completed,1360,1389,01-01-2023,21-10-2026,19.1,0
PRJ2666,Bihar,Patna,Power Transmission Line,564.8,564.8,0,100,1,3,223,FALSE,In Progress,997,369,30-12-2023,02-01-2025,20.5,0
PRJ2667,West Bengal,Howrah,Irrigation Canal,600.3,147.5,452.8,24.6,2,6,295,FALSE,In Progress,1322,525,08-02-2023,17-07-2024,41.3,0
PRJ2668,Uttar Pradesh,Meerut,Power Transmission Line,2865.2,1581.5,1283.7,55.2,1,1,125,FALSE,In Progress,1343,1994,18-01-2023,04-07-2028,16.9,0
PRJ2669,Odisha,Bhubaneswar,Industrial Corridor,2373.8,327.6,2046.2,13.8,0,0,0,FALSE,Completed,276,1638,20-12-2025,15-06-2030,14,0
PRJ2670,Maharashtra,Nashik,Urban Infrastructure,2900.5,407,2493.5,14,0,6,257,TRUE,In Progress,806,1094,08-07-2024,07-07-2027,47.4,0
PRJ2671,West Bengal,Howrah,Urban Infrastructure,2236.7,2023.9,212.8,90.5,3,3,81,TRUE,In Progress,1071,507,17-10-2023,07-03-2025,37.2,0
PRJ2672,Bihar,Bhagalpur,Power Transmission Line,1301,207.2,1093.8,15.9,6,3,189,FALSE,Completed,1185,1202,25-06-2023,09-10-2026,42.3,0
PRJ2673,Rajasthan,Jodhpur,Irrigation Canal,1899.9,257.1,1642.8,13.5,2,0,231,FALSE,In Progress,450,1862,29-06-2025,04-08-2030,24.7,0
PRJ2674,Assam,Silchar,Power Transmission Line,690.2,176.5,513.7,25.6,1,4,174,TRUE,In Progress,401,414,17-08-2025,05-10-2026,37.4,0
PRJ2675,Assam,Dibrugarh,Power Transmission Line,2738.3,92.3,2646,3.4,6,2,212,FALSE,In Progress,619,1720,11-01-2025,27-09-2029,42.9,0
PRJ2676,Rajasthan,Kota,Urban Infrastructure,1589,518.9,1070.1,32.7,0,3,194,FALSE,In Progress,1342,1625,19-01-2023,02-07-2027,39.4,0
PRJ2677,Rajasthan,Jaipur,Irrigation Canal,2170.2,365.8,1804.4,16.9,4,2,199,TRUE,In Progress,864,1262,11-05-2024,25-10-2027,43.5,0
PRJ2678,Bihar,Patna,Highway,2840.1,826.3,2013.8,29.1,3,1,366,TRUE,Completed,1451,1142,02-10-2022,17-11-2025,52.8,1
PRJ2679,Assam,Dibrugarh,Highway,533.4,319,214.4,59.8,1,1,110,FALSE,Completed,1466,1460,17-09-2022,16-09-2026,18.6,0
PRJ2680,Madhya Pradesh,Gwalior,Railway Corridor,2605.3,1522.5,1082.8,58.4,1,1,0,FALSE,In Progress,341,541,16-10-2025,10-04-2027,11,0
PRJ2681,Maharashtra,Nashik,Irrigation Canal,748.4,168.1,580.3,22.5,6,2,253,FALSE,Pending,1053,1441,04-11-2023,15-10-2027,39.4,0
PRJ2682,Odisha,Cuttack,Irrigation Canal,2622.6,240.9,2381.7,9.2,4,2,223,TRUE,Completed,1115,1500,03-09-2023,12-10-2027,42.3,0
PRJ2683,Uttar Pradesh,Varanasi,Urban Infrastructure,2897.3,278.1,2619.2,9.6,0,1,0,FALSE,Completed,109,1163,05-06-2026,11-08-2029,20,0
PRJ2684,Odisha,Bhubaneswar,Power Transmission Line,627.8,158.4,469.4,25.2,6,1,96,FALSE,In Progress,1266,1906,05-04-2023,23-06-2028,52,1
PRJ2685,Odisha,Rourkela,Irrigation Canal,2987.5,64.7,2922.8,2.2,3,3,252,TRUE,In Progress,362,1640,25-09-2025,23-03-2030,69.1,1
PRJ2686,Bihar,Gaya,Urban Infrastructure,2429,437.2,1991.8,18,3,1,3,FALSE,In Progress,148,521,27-04-2026,30-09-2027,20.7,0
PRJ2687,Assam,Silchar,Irrigation Canal,669.7,155.3,514.4,23.2,3,3,304,TRUE,In Progress,742,1158,10-09-2024,12-11-2027,50.8,1
PRJ2688,Maharashtra,Pune,Power Transmission Line,2633.7,2633.7,0,100,0,1,117,FALSE,Completed,1006,457,21-12-2023,22-03-2025,1,0
PRJ2689,Uttar Pradesh,Meerut,Highway,2177.5,1180.9,996.6,54.2,2,1,158,FALSE,In Progress,1494,1570,20-08-2022,07-12-2026,23.3,0
PRJ2690,West Bengal,Kolkata,Urban Infrastructure,2168.9,665.3,1503.6,30.7,1,3,133,TRUE,In Progress,1094,1312,24-09-2023,28-04-2027,49.1,0
PRJ2691,Odisha,Rourkela,Industrial Corridor,2487,497.2,1989.8,20,3,3,95,FALSE,Completed,819,1840,25-06-2024,09-07-2029,32,0
PRJ2692,Rajasthan,Kota,Power Transmission Line,2261.5,578.1,1683.4,25.6,4,3,109,TRUE,Completed,909,1812,27-03-2024,13-03-2029,40.3,0
PRJ2693,Rajasthan,Jodhpur,Irrigation Canal,315.3,45.7,269.6,14.5,3,1,171,TRUE,In Progress,834,1662,10-06-2024,28-12-2028,35.3,0
PRJ2694,Uttar Pradesh,Varanasi,Highway,2745,2745,0,100,1,1,48,FALSE,In Progress,1271,1160,31-03-2023,03-06-2026,1,0
PRJ2695,Uttar Pradesh,Varanasi,Railway Corridor,1575.9,879.2,696.7,55.8,4,4,389,TRUE,Completed,1362,504,30-12-2022,17-05-2024,50.9,1
PRJ2696,Madhya Pradesh,Indore,Railway Corridor,2656.3,709.4,1946.9,26.7,3,1,198,FALSE,In Progress,430,735,19-07-2025,24-07-2027,42.6,0
PRJ2697,West Bengal,Kolkata,Highway,1308.1,26.2,1281.9,2,5,2,184,TRUE,In Progress,97,1982,17-06-2026,20-11-2031,53.8,1
PRJ2698,Assam,Guwahati,Industrial Corridor,631.3,60.1,571.2,9.5,5,1,191,TRUE,In Progress,598,1563,01-02-2025,14-05-2029,52.6,1
PRJ2699,Odisha,Bhubaneswar,Industrial Corridor,2032,143.2,1888.8,7,1,1,114,FALSE,Pending,218,1583,16-02-2026,18-06-2030,39.3,0
PRJ2700,Uttar Pradesh,Lucknow,Urban Infrastructure,1656,514.9,1141.1,31.1,1,0,140,FALSE,Completed,1059,1649,29-10-2023,04-05-2028,17.5,0
PRJ2701,West Bengal,Asansol,Irrigation Canal,2684.5,341.5,2343,12.7,4,1,276,TRUE,In Progress,830,1132,14-06-2024,21-07-2027,48.5,0
PRJ2702,Rajasthan,Jaipur,Power Transmission Line,329.8,308.4,21.4,93.5,4,1,218,FALSE,In Progress,1379,434,13-12-2022,20-02-2024,21.9,0
PRJ2703,West Bengal,Durgapur,Urban Infrastructure,296.6,116.2,180.4,39.2,4,1,133,TRUE,In Progress,1340,1617,21-01-2023,26-06-2027,37,0
PRJ2704,Bihar,Patna,Railway Corridor,1176.4,906.2,270.2,77,5,0,68,FALSE,Pending,817,791,27-06-2024,27-08-2026,20.1,0
PRJ2705,West Bengal,Howrah,Highway,1663.2,852.4,810.8,51.3,2,0,89,FALSE,In Progress,1258,1889,13-04-2023,14-06-2028,30.2,0
PRJ2706,Assam,Dibrugarh,Power Transmission Line,984.6,236.7,747.9,24,0,1,345,FALSE,In Progress,1404,1150,18-11-2022,11-01-2026,36.7,0
PRJ2707,Rajasthan,Jodhpur,Highway,2799.8,611.7,2188.1,21.8,0,0,106,FALSE,Completed,211,512,23-02-2026,20-07-2027,11.8,0
PRJ2708,Bihar,Patna,Urban Infrastructure,2053.8,808.6,1245.2,39.4,0,1,67,FALSE,In Progress,896,1131,09-04-2024,15-05-2027,15.2,0
PRJ2709,Uttar Pradesh,Meerut,Urban Infrastructure,398.3,296.1,102.2,74.4,7,2,189,FALSE,In Progress,1061,662,27-10-2023,19-08-2025,34.5,0
PRJ2710,Rajasthan,Jodhpur,Railway Corridor,1514.8,610.5,904.3,40.3,4,3,227,TRUE,In Progress,1434,846,19-10-2022,11-02-2025,47.1,0
PRJ2711,Assam,Dibrugarh,Irrigation Canal,564.9,191.9,373,34,3,2,137,TRUE,In Progress,1403,1241,19-11-2022,13-04-2026,60.1,1
PRJ2712,Rajasthan,Udaipur,Railway Corridor,1142.1,154.8,987.3,13.6,2,1,176,TRUE,In Progress,777,1069,06-08-2024,11-07-2027,38.6,0
PRJ2713,Odisha,Rourkela,Urban Infrastructure,1550.2,593.2,957,38.3,0,1,112,TRUE,Completed,544,1167,27-03-2025,06-06-2028,26.7,0
PRJ2714,Bihar,Patna,Urban Infrastructure,58,9.9,48.1,17,1,1,33,TRUE,In Progress,413,1673,05-08-2025,05-03-2030,39.6,0
PRJ2715,Assam,Dibrugarh,Railway Corridor,2401.6,170.8,2230.8,7.1,5,5,243,TRUE,In Progress,254,910,11-01-2026,09-07-2028,77.2,1
PRJ2716,Assam,Dibrugarh,Power Transmission Line,1811.4,493,1318.4,27.2,1,0,118,FALSE,Pending,260,728,05-01-2026,03-01-2028,32.5,0
PRJ2717,Assam,Guwahati,Irrigation Canal,482.2,165.8,316.4,34.4,1,0,29,FALSE,Completed,967,1981,29-01-2024,02-07-2029,5.7,0
PRJ2718,Rajasthan,Udaipur,Industrial Corridor,1678.1,109.2,1568.9,6.5,6,2,235,TRUE,Completed,403,1863,15-08-2025,21-09-2030,38.3,0
PRJ2719,Madhya Pradesh,Bhopal,Railway Corridor,324.9,324.9,0,100,1,0,8,TRUE,Completed,1157,490,23-07-2023,24-11-2024,26.2,0
PRJ2720,Assam,Silchar,Irrigation Canal,420,21.3,398.7,5.1,0,2,168,FALSE,Pending,113,842,01-06-2026,20-09-2028,34,0
PRJ2721,Uttar Pradesh,Meerut,Power Transmission Line,1527.9,907.1,620.8,59.4,3,1,152,FALSE,In Progress,1438,1025,15-10-2022,05-08-2025,41.9,0
PRJ2722,West Bengal,Asansol,Railway Corridor,1718.5,795.5,923,46.3,2,1,32,FALSE,Completed,445,790,04-07-2025,02-09-2027,22.8,0
PRJ2723,Rajasthan,Jodhpur,Industrial Corridor,1082.5,21.7,1060.8,2,6,1,176,FALSE,In Progress,110,1075,04-06-2026,14-05-2029,42.6,0
PRJ2724,Madhya Pradesh,Jabalpur,Highway,817.3,817.3,0,100,7,0,178,FALSE,Completed,1128,596,21-08-2023,08-04-2025,13.2,0
PRJ2725,West Bengal,Howrah,Highway,331.9,18.6,313.3,5.6,2,3,180,TRUE,Pending,162,417,13-04-2026,04-06-2027,73.6,1
PRJ2726,Maharashtra,Nagpur,Irrigation Canal,1894.3,233.3,1661,12.3,3,1,164,FALSE,Pending,581,1071,18-02-2025,25-01-2028,36.2,0
PRJ2727,Maharashtra,Thane,Highway,352.8,269.9,82.9,76.5,2,2,189,TRUE,In Progress,1119,816,30-08-2023,23-11-2025,52.8,1
PRJ2728,Bihar,Patna,Industrial Corridor,1595.9,574,1021.9,36,2,3,231,FALSE,In Progress,1492,1559,22-08-2022,28-11-2026,38.9,0
PRJ2729,Uttar Pradesh,Varanasi,Railway Corridor,576.6,197.2,379.4,34.2,0,2,153,TRUE,Completed,1263,1863,08-04-2023,14-05-2028,37.5,0
PRJ2730,Uttar Pradesh,Agra,Power Transmission Line,2297.5,59.9,2237.6,2.6,4,2,196,FALSE,Pending,66,883,18-07-2026,17-12-2028,57.2,1
PRJ2731,West Bengal,Howrah,Railway Corridor,1801.6,1044.7,756.9,58,0,1,0,FALSE,In Progress,1168,1159,12-07-2023,13-09-2026,16.7,0
PRJ2732,Maharashtra,Nashik,Urban Infrastructure,1293,724.4,568.6,56,2,0,175,TRUE,In Progress,1083,1351,05-10-2023,17-06-2027,44.4,0
PRJ2733,Assam,Dibrugarh,Railway Corridor,1590.6,317.4,1273.2,20,5,2,133,FALSE,In Progress,985,1647,11-01-2024,15-07-2028,42.4,0
PRJ2734,Bihar,Bhagalpur,Industrial Corridor,637,108.2,528.8,17,3,0,156,FALSE,Completed,166,630,09-04-2026,30-12-2027,22.3,0
PRJ2735,Uttar Pradesh,Kanpur,Railway Corridor,87.1,13.3,73.8,15.2,1,0,243,FALSE,In Progress,721,1010,01-10-2024,08-07-2027,32.9,0
PRJ2736,Bihar,Patna,Urban Infrastructure,2849.7,520.5,2329.2,18.3,5,2,303,TRUE,In Progress,1159,937,21-07-2023,12-02-2026,52,1
PRJ2737,Odisha,Bhubaneswar,Railway Corridor,2809.9,2809.9,0,100,1,0,17,FALSE,In Progress,699,641,23-10-2024,26-07-2026,14.1,0
PRJ2738,Assam,Dibrugarh,Industrial Corridor,2937.4,762.1,2175.3,25.9,2,2,192,TRUE,Completed,783,1620,31-07-2024,06-01-2029,37.6,0
PRJ2739,Bihar,Patna,Railway Corridor,933.6,761.5,172.1,81.6,8,3,118,FALSE,In Progress,1280,409,22-03-2023,04-05-2024,30.1,0
PRJ2740,Odisha,Cuttack,Urban Infrastructure,1068.6,98.4,970.2,9.2,4,2,221,FALSE,In Progress,540,614,31-03-2025,05-12-2026,42.3,0
PRJ2741,Bihar,Patna,Power Transmission Line,2616.9,1745.5,871.4,66.7,1,1,56,FALSE,In Progress,1335,1278,26-01-2023,27-07-2026,22.4,0
PRJ2742,West Bengal,Howrah,Highway,493.3,195.4,297.9,39.6,1,3,136,FALSE,In Progress,527,1149,13-04-2025,05-06-2028,23.1,0
PRJ2743,Bihar,Patna,Irrigation Canal,754.9,655.3,99.6,86.8,0,0,96,FALSE,Completed,662,386,29-11-2024,20-12-2025,11.7,0
PRJ2744,West Bengal,Kolkata,Railway Corridor,2311,1295.3,1015.7,56.1,1,0,67,FALSE,In Progress,958,1211,07-02-2024,02-06-2027,24.3,0
PRJ2745,Uttar Pradesh,Agra,Industrial Corridor,2022.8,344.8,1678,17,2,3,228,FALSE,In Progress,801,1588,13-07-2024,17-11-2028,44.5,0
PRJ2746,Assam,Guwahati,Power Transmission Line,538.2,271.4,266.8,50.4,4,1,170,FALSE,In Progress,1317,881,13-02-2023,13-07-2025,20.9,0
PRJ2747,Odisha,Rourkela,Power Transmission Line,531.5,71.7,459.8,13.5,2,0,14,FALSE,Completed,279,1451,17-12-2025,07-12-2029,12.5,0
PRJ2748,Rajasthan,Jaipur,Highway,2475,2475,0,100,1,0,96,TRUE,In Progress,1124,457,25-08-2023,24-11-2024,17,0
PRJ2749,Uttar Pradesh,Kanpur,Industrial Corridor,145.3,72.8,72.5,50.1,0,2,132,FALSE,Completed,400,639,18-08-2025,19-05-2027,12,0
PRJ2750,Assam,Guwahati,Railway Corridor,1697.3,1317.8,379.5,77.6,2,1,16,TRUE,Completed,685,603,06-11-2024,02-07-2026,31.5,0
PRJ2751,Uttar Pradesh,Meerut,Highway,1348,785.7,562.3,58.3,1,2,218,FALSE,Pending,981,1043,15-01-2024,23-11-2026,44.1,0
PRJ2752,Madhya Pradesh,Gwalior,Railway Corridor,1337.3,450.2,887.1,33.7,6,1,83,FALSE,In Progress,1245,1205,26-04-2023,13-08-2026,31.8,0
PRJ2753,Assam,Silchar,Railway Corridor,589.5,160.8,428.7,27.3,3,2,84,TRUE,In Progress,556,1324,15-03-2025,29-10-2028,48.9,0
PRJ2754,Madhya Pradesh,Gwalior,Power Transmission Line,2792.9,578.9,2214,20.7,0,0,94,FALSE,In Progress,491,1097,19-05-2025,20-05-2028,24.8,0
PRJ2755,Odisha,Bhubaneswar,Irrigation Canal,1983.8,343.4,1640.4,17.3,0,1,174,TRUE,In Progress,779,1890,04-08-2024,07-10-2029,32.6,0
PRJ2756,Rajasthan,Jodhpur,Power Transmission Line,487,14.2,472.8,2.9,6,8,446,TRUE,Completed,143,1059,02-05-2026,26-03-2029,83.8,1
PRJ2757,Rajasthan,Kota,Urban Infrastructure,141.4,86.3,55.1,61.1,2,1,146,TRUE,Pending,1374,1093,18-12-2022,15-12-2025,37,0
PRJ2758,Madhya Pradesh,Gwalior,Urban Infrastructure,2784.3,458.7,2325.6,16.5,5,2,249,FALSE,In Progress,819,1771,25-06-2024,01-05-2029,47.6,0
PRJ2759,Madhya Pradesh,Gwalior,Industrial Corridor,223.4,191.5,31.9,85.7,1,1,6,FALSE,Completed,1247,1252,24-04-2023,27-09-2026,1,0
PRJ2760,West Bengal,Durgapur,Railway Corridor,828.8,32,796.8,3.9,4,1,289,FALSE,In Progress,290,1657,06-12-2025,20-06-2030,48.6,0
PRJ2761,Bihar,Muzaffarpur,Power Transmission Line,354.1,121.7,232.4,34.4,2,2,148,FALSE,In Progress,1291,1645,11-03-2023,11-09-2027,30.9,0
PRJ2762,Rajasthan,Jodhpur,Power Transmission Line,199.4,44.6,154.8,22.4,2,0,221,TRUE,In Progress,328,955,29-10-2025,10-06-2028,48.1,0
PRJ2763,Assam,Dibrugarh,Irrigation Canal,1674.4,235.6,1438.8,14.1,1,3,188,TRUE,Completed,438,1250,11-07-2025,12-12-2028,43.9,0
PRJ2764,Assam,Guwahati,Highway,241.7,121,120.7,50.1,0,0,43,FALSE,In Progress,1075,1588,13-10-2023,17-02-2028,11.2,0
PRJ2765,Bihar,Patna,Irrigation Canal,1653.3,603.5,1049.8,36.5,0,1,43,FALSE,Completed,464,1191,15-06-2025,18-09-2028,15.8,0
PRJ2766,Odisha,Cuttack,Industrial Corridor,134.4,96.8,37.6,72,3,1,185,TRUE,In Progress,1424,1327,29-10-2022,17-06-2026,41.8,0
PRJ2767,Rajasthan,Jaipur,Power Transmission Line,1216,653.4,562.6,53.7,4,2,202,TRUE,Completed,1176,753,04-07-2023,26-07-2025,26.5,0
PRJ2768,Maharashtra,Aurangabad,Power Transmission Line,2694.8,1314.3,1380.5,48.8,3,3,191,FALSE,Completed,1049,585,08-11-2023,15-06-2025,20.1,0
PRJ2769,Assam,Silchar,Highway,287.3,287.3,0,100,5,1,203,TRUE,Completed,1054,427,03-11-2023,03-01-2025,22.8,0
PRJ2770,Odisha,Cuttack,Industrial Corridor,1042,109.7,932.3,10.5,0,0,68,FALSE,In Progress,116,698,29-05-2026,26-04-2028,13.6,0
PRJ2771,Madhya Pradesh,Bhopal,Industrial Corridor,2013.9,624,1389.9,31,3,0,157,FALSE,Pending,1165,1939,15-07-2023,04-11-2028,36,0
PRJ2772,Madhya Pradesh,Bhopal,Urban Infrastructure,494.7,47,447.7,9.5,3,4,158,TRUE,Pending,471,1339,08-06-2025,06-02-2029,58.7,1
PRJ2773,Maharashtra,Nashik,Power Transmission Line,1754.4,677.8,1076.6,38.6,1,0,167,FALSE,In Progress,862,1279,13-05-2024,13-11-2027,22.3,0
PRJ2774,Bihar,Bhagalpur,Industrial Corridor,737.1,177,560.1,24,3,1,157,FALSE,Completed,646,1403,15-12-2024,18-10-2028,29.4,0
PRJ2775,Bihar,Patna,Power Transmission Line,2655.9,1000.4,1655.5,37.7,0,0,0,FALSE,In Progress,836,1628,08-06-2024,22-11-2028,14.5,0
PRJ2776,Maharashtra,Aurangabad,Railway Corridor,853.6,441,412.6,51.7,5,0,165,TRUE,Pending,1152,1242,28-07-2023,21-12-2026,68,1
PRJ2777,Madhya Pradesh,Jabalpur,Highway,2994,977.3,2016.7,32.6,3,0,109,FALSE,Pending,757,712,26-08-2024,08-08-2026,41.7,0
PRJ2778,Bihar,Patna,Railway Corridor,527.6,196,331.6,37.2,4,2,243,TRUE,Pending,826,1336,18-06-2024,14-02-2028,57.1,1
PRJ2779,Madhya Pradesh,Jabalpur,Highway,1552.1,101.5,1450.6,6.5,1,2,238,TRUE,In Progress,121,1037,24-05-2026,26-03-2029,47.4,0
PRJ2780,Odisha,Rourkela,Irrigation Canal,2997.6,1030.6,1967,34.4,2,2,86,FALSE,In Progress,555,741,16-03-2025,27-03-2027,19,0
PRJ2781,Madhya Pradesh,Indore,Irrigation Canal,751.6,525.3,226.3,69.9,0,0,5,FALSE,In Progress,1322,1780,08-02-2023,24-12-2027,13.1,0
PRJ2782,Assam,Guwahati,Power Transmission Line,2044.3,689.4,1354.9,33.7,1,1,210,TRUE,In Progress,1362,1614,30-12-2022,01-06-2027,49,0
PRJ2783,Odisha,Rourkela,Railway Corridor,355.1,134.9,220.2,38,3,0,300,TRUE,Completed,1098,1142,20-09-2023,05-11-2026,59.6,1
PRJ2784,West Bengal,Asansol,Railway Corridor,2080.6,515,1565.6,24.8,4,0,184,TRUE,In Progress,1450,1444,03-10-2022,16-09-2026,44.7,0
PRJ2785,Assam,Dibrugarh,Power Transmission Line,982,145.4,836.6,14.8,2,2,236,TRUE,Pending,229,524,05-02-2026,14-07-2027,66.8,1
PRJ2786,Maharashtra,Nashik,Railway Corridor,1506.8,1189.1,317.7,78.9,3,0,72,FALSE,Pending,1362,1216,30-12-2022,29-04-2026,5.9,0
PRJ2787,West Bengal,Asansol,Irrigation Canal,2696,943.2,1752.8,35,2,0,113,FALSE,In Progress,638,1404,23-12-2024,27-10-2028,23.4,0
PRJ2788,Odisha,Cuttack,Railway Corridor,1085.7,397.8,687.9,36.6,2,4,175,FALSE,In Progress,1300,1068,02-03-2023,02-02-2026,40,0
PRJ2789,Maharashtra,Pune,Industrial Corridor,982.4,668.5,313.9,68.1,0,0,29,FALSE,Completed,559,542,12-03-2025,05-09-2026,3.9,0
PRJ2790,Bihar,Patna,Railway Corridor,2015.1,1043.2,971.9,51.8,1,1,54,FALSE,In Progress,1011,1815,16-12-2023,04-12-2028,25.3,0
PRJ2791,Assam,Guwahati,Power Transmission Line,768.6,47.9,720.7,6.2,7,3,222,FALSE,Pending,461,1862,18-06-2025,24-07-2030,46.4,0
PRJ2792,Madhya Pradesh,Jabalpur,Industrial Corridor,2760.9,113.6,2647.3,4.1,5,3,248,TRUE,Completed,422,1444,27-07-2025,10-07-2029,56.1,1
PRJ2793,Bihar,Muzaffarpur,Highway,1478,92.2,1385.8,6.2,4,2,250,FALSE,In Progress,1267,1271,04-04-2023,26-09-2026,41.3,0
PRJ2794,Bihar,Gaya,Irrigation Canal,1910,146.4,1763.6,7.7,6,1,331,TRUE,In Progress,1077,1850,11-10-2023,03-11-2028,67.2,1
PRJ2795,Uttar Pradesh,Varanasi,Industrial Corridor,386.5,114.1,272.4,29.5,1,2,228,FALSE,Completed,1283,1502,19-03-2023,29-04-2027,31.6,0
PRJ2796,Odisha,Bhubaneswar,Urban Infrastructure,1130.7,291.8,838.9,25.8,2,1,173,FALSE,In Progress,1153,1817,27-07-2023,17-07-2028,35,0
PRJ2797,Rajasthan,Jaipur,Industrial Corridor,1811.8,123.3,1688.5,6.8,1,1,229,FALSE,In Progress,207,1467,27-02-2026,05-03-2030,46.7,0
PRJ2798,Uttar Pradesh,Lucknow,Urban Infrastructure,2075.1,41.5,2033.6,2,2,2,316,FALSE,Completed,74,1850,10-07-2026,03-08-2031,43.2,0
PRJ2799,West Bengal,Asansol,Industrial Corridor,1255,448.2,806.8,35.7,1,1,146,FALSE,Pending,1204,930,06-06-2023,22-12-2025,16,0
PRJ2800,Madhya Pradesh,Indore,Highway,922.9,154.3,768.6,16.7,2,1,196,TRUE,In Progress,607,689,23-01-2025,13-12-2026,54.9,1
PRJ2801,Madhya Pradesh,Bhopal,Industrial Corridor,879.4,22.4,857,2.5,4,2,288,TRUE,Pending,529,1293,11-04-2025,25-10-2028,70.4,1
PRJ2802,Odisha,Cuttack,Power Transmission Line,2541.2,462.1,2079.1,18.2,3,0,111,FALSE,Completed,605,1685,25-01-2025,06-09-2029,41,0
PRJ2803,Madhya Pradesh,Jabalpur,Railway Corridor,2346.1,1068.3,1277.8,45.5,1,0,0,FALSE,Completed,1011,1622,16-12-2023,25-05-2028,11.3,0
PRJ2804,West Bengal,Durgapur,Urban Infrastructure,216.5,38.3,178.2,17.7,5,2,138,TRUE,In Progress,979,1695,17-01-2024,07-09-2028,49.8,0
PRJ2805,West Bengal,Durgapur,Highway,2296.1,245.8,2050.3,10.7,2,2,115,FALSE,Completed,403,1880,15-08-2025,08-10-2030,35.2,0
PRJ2806,Bihar,Patna,Highway,2746.6,212.2,2534.4,7.7,0,2,284,FALSE,Pending,362,1547,25-09-2025,20-12-2029,41.2,0
PRJ2807,Maharashtra,Aurangabad,Highway,1759,998.7,760.3,56.8,7,2,259,FALSE,Completed,1048,492,09-11-2023,15-03-2025,44.3,0
PRJ2808,Maharashtra,Nashik,Irrigation Canal,2366.5,1012.3,1354.2,42.8,1,1,32,FALSE,Completed,1023,1933,04-12-2023,20-03-2029,8.4,0
PRJ2809,Odisha,Bhubaneswar,Urban Infrastructure,2554,2554,0,100,0,1,14,FALSE,In Progress,1441,991,12-10-2022,29-06-2025,8.7,0
PRJ2810,Maharashtra,Nashik,Highway,2225.6,1348.9,876.7,60.6,2,1,133,FALSE,In Progress,1194,876,16-06-2023,08-11-2025,24.2,0
PRJ2811,Odisha,Rourkela,Urban Infrastructure,489.6,35.6,454,7.3,4,0,145,FALSE,In Progress,461,1602,18-06-2025,06-11-2029,49.4,0
PRJ2812,Maharashtra,Aurangabad,Industrial Corridor,1675.9,209.8,1466.1,12.5,4,2,359,FALSE,Completed,1264,1747,07-04-2023,18-01-2028,43.3,0
PRJ2813,Maharashtra,Nashik,Railway Corridor,2047.1,2047.1,0,100,1,1,60,FALSE,Completed,1451,670,02-10-2022,02-08-2024,13,0
PRJ2814,Assam,Guwahati,Industrial Corridor,1343.9,517.8,826.1,38.5,7,2,289,FALSE,Pending,1208,891,02-06-2023,09-11-2025,46.1,0
PRJ2815,Rajasthan,Jaipur,Railway Corridor,1324.6,95.4,1229.2,7.2,6,1,198,TRUE,In Progress,522,1424,18-04-2025,12-03-2029,48.1,0
PRJ2816,Assam,Dibrugarh,Highway,2014.4,1870.9,143.5,92.9,2,2,266,TRUE,In Progress,1203,502,07-06-2023,21-10-2024,30.1,0
PRJ2817,Madhya Pradesh,Indore,Highway,427.1,94.6,332.5,22.2,1,3,229,TRUE,Pending,1169,1542,11-07-2023,30-09-2027,55.8,1
PRJ2818,Rajasthan,Kota,Railway Corridor,354.3,12.4,341.9,3.5,2,1,195,TRUE,In Progress,77,1120,07-07-2026,31-07-2029,43.6,0
PRJ2819,Bihar,Patna,Power Transmission Line,1991.7,549.2,1442.5,27.6,3,2,218,FALSE,Completed,1478,1713,05-09-2022,15-05-2027,17.5,0
PRJ2820,Bihar,Gaya,Industrial Corridor,2469.9,474.9,1995,19.2,0,1,164,FALSE,In Progress,498,1974,12-05-2025,07-10-2030,18.2,0
PRJ2821,Maharashtra,Nashik,Power Transmission Line,2659.3,2659.3,0,100,2,2,73,TRUE,Completed,911,466,25-03-2024,04-07-2025,18.2,0
PRJ2822,Odisha,Rourkela,Urban Infrastructure,699.6,114.9,584.7,16.4,1,0,87,FALSE,In Progress,158,731,17-04-2026,17-04-2028,13.9,0
PRJ2823,Odisha,Cuttack,Urban Infrastructure,1453.6,759.8,693.8,52.3,0,1,36,FALSE,Completed,917,1668,19-03-2024,12-10-2028,11.5,0
PRJ2824,Assam,Dibrugarh,Industrial Corridor,2810.6,567.5,2243.1,20.2,5,1,166,FALSE,Completed,894,1778,11-04-2024,22-02-2029,37.3,0
PRJ2825,Assam,Guwahati,Industrial Corridor,1527.4,49,1478.4,3.2,4,3,243,FALSE,In Progress,155,580,20-04-2026,21-11-2027,50,1
PRJ2826,Assam,Silchar,Power Transmission Line,638.1,40.7,597.4,6.4,5,2,222,TRUE,Pending,95,537,19-06-2026,08-12-2027,59.3,1
PRJ2827,Maharashtra,Nagpur,Railway Corridor,1947.1,60.8,1886.3,3.1,1,1,132,FALSE,Pending,326,1733,31-10-2025,30-07-2030,50.1,1
PRJ2828,Madhya Pradesh,Gwalior,Industrial Corridor,221,30.1,190.9,13.6,0,1,211,FALSE,Completed,311,1196,15-11-2025,23-02-2029,14.8,0
PRJ2829,Odisha,Cuttack,Industrial Corridor,2121.5,536.2,1585.3,25.3,3,2,71,FALSE,In Progress,395,1209,23-08-2025,14-12-2028,14,0
PRJ2830,Assam,Guwahati,Urban Infrastructure,2544.5,883.7,1660.8,34.7,0,1,135,FALSE,In Progress,1058,1678,30-10-2023,03-06-2028,34.2,0
PRJ2831,Madhya Pradesh,Jabalpur,Industrial Corridor,1997.6,726.4,1271.2,36.4,8,3,177,TRUE,In Progress,1467,1652,16-09-2022,26-03-2027,49.1,0
PRJ2832,Madhya Pradesh,Bhopal,Irrigation Canal,2036.8,2036.8,0,100,0,0,53,FALSE,Completed,1366,912,26-12-2022,25-06-2025,1,0
PRJ2833,Uttar Pradesh,Kanpur,Power Transmission Line,192.7,192.7,0,100,1,0,75,FALSE,Completed,1037,531,20-11-2023,04-05-2025,1,0
PRJ2834,Assam,Dibrugarh,Highway,1730.1,176.3,1553.8,10.2,1,2,160,FALSE,Completed,585,1819,14-02-2025,07-02-2030,19.1,0
PRJ2835,Bihar,Muzaffarpur,Industrial Corridor,1494.5,212.4,1282.1,14.2,3,2,162,TRUE,Completed,211,588,23-02-2026,04-10-2027,45.9,0
PRJ2836,West Bengal,Durgapur,Irrigation Canal,1912,321,1591,16.8,5,1,334,FALSE,Completed,710,808,12-10-2024,29-12-2026,51.7,1
PRJ2837,Rajasthan,Jodhpur,Urban Infrastructure,953.7,422.5,531.2,44.3,4,0,237,FALSE,Completed,1438,1353,15-10-2022,29-06-2026,26.1,0
PRJ2838,West Bengal,Asansol,Highway,1093.4,109.9,983.5,10.1,2,1,206,TRUE,In Progress,527,1974,13-04-2025,08-09-2030,51.2,1
PRJ2839,West Bengal,Kolkata,Urban Infrastructure,311.9,6.2,305.7,2,8,5,211,FALSE,Pending,117,1459,28-05-2026,26-05-2030,67.1,1
PRJ2840,Assam,Dibrugarh,Power Transmission Line,2768.5,168,2600.5,6.1,2,0,84,FALSE,Completed,173,1731,02-04-2026,28-12-2030,15.9,0
PRJ2841,Odisha,Bhubaneswar,Urban Infrastructure,2619.8,481.6,2138.2,18.4,2,2,88,TRUE,Completed,680,1647,11-11-2024,16-05-2029,38,0
PRJ2842,Assam,Guwahati,Railway Corridor,1566.8,758.4,808.4,48.4,0,1,63,FALSE,In Progress,1046,1139,11-11-2023,24-12-2026,16.7,0
PRJ2843,Odisha,Rourkela,Power Transmission Line,2071.4,1007.8,1063.6,48.7,5,3,98,FALSE,Completed,881,570,24-04-2024,15-11-2025,26,0
PRJ2844,Maharashtra,Thane,Railway Corridor,264.4,98.8,165.6,37.4,0,0,58,FALSE,In Progress,452,1077,27-06-2025,08-06-2028,25.6,0
PRJ2845,Assam,Guwahati,Industrial Corridor,1925.1,557.3,1367.8,28.9,4,2,96,FALSE,In Progress,398,484,20-08-2025,17-12-2026,24.7,0
PRJ2846,Madhya Pradesh,Gwalior,Highway,91.1,16,75.1,17.5,2,0,239,FALSE,Pending,1191,1706,19-06-2023,19-02-2028,43.2,0
PRJ2847,Maharashtra,Nashik,Highway,1456.6,442.6,1014,30.4,4,0,203,TRUE,Pending,1440,1693,13-10-2022,02-06-2027,53.8,1
PRJ2848,Bihar,Gaya,Industrial Corridor,2507.3,1121.8,1385.5,44.7,1,1,104,FALSE,In Progress,786,676,28-07-2024,04-06-2026,24.2,0
PRJ2849,Maharashtra,Pune,Railway Corridor,1081.1,419.2,661.9,38.8,4,1,155,FALSE,Completed,1210,1252,31-05-2023,03-11-2026,26.1,0
PRJ2850,Assam,Silchar,Urban Infrastructure,1382.8,220.3,1162.5,15.9,4,1,115,TRUE,In Progress,227,381,07-02-2026,23-02-2027,37.4,0
PRJ2851,West Bengal,Durgapur,Highway,2127.7,197.5,1930.2,9.3,4,4,245,FALSE,Completed,457,1437,22-06-2025,29-05-2029,46.3,0
PRJ2852,Uttar Pradesh,Agra,Power Transmission Line,2449.4,254.9,2194.5,10.4,0,3,90,TRUE,In Progress,234,1476,31-01-2026,15-02-2030,40.6,0
PRJ2853,Uttar Pradesh,Lucknow,Power Transmission Line,576.7,116.2,460.5,20.2,2,0,133,FALSE,In Progress,447,1538,02-07-2025,17-09-2029,26.8,0
PRJ2854,Odisha,Rourkela,Irrigation Canal,306.2,288.1,18.1,94.1,2,2,119,FALSE,In Progress,953,405,12-02-2024,23-03-2025,10.3,0
PRJ2855,Maharashtra,Nagpur,Urban Infrastructure,2808.1,245.2,2562.9,8.7,2,1,0,FALSE,Completed,93,727,21-06-2026,17-06-2028,20.1,0
PRJ2856,Bihar,Gaya,Irrigation Canal,2397,958.7,1438.3,40,3,2,78,TRUE,Completed,866,1387,09-05-2024,25-02-2028,37.1,0
PRJ2857,West Bengal,Howrah,Power Transmission Line,288.4,59.9,228.5,20.8,1,3,217,TRUE,In Progress,617,1204,13-01-2025,01-05-2028,44,0
PRJ2858,Uttar Pradesh,Lucknow,Irrigation Canal,2818.7,714.4,2104.3,25.3,5,1,174,FALSE,Completed,974,1625,22-01-2024,04-07-2028,25,0
PRJ2859,Bihar,Patna,Urban Infrastructure,1603.3,816.8,786.5,50.9,1,1,124,TRUE,In Progress,1056,1293,01-11-2023,17-05-2027,39.9,0
PRJ2860,Rajasthan,Jodhpur,Irrigation Canal,2049.7,208.7,1841,10.2,6,3,172,FALSE,In Progress,763,1523,20-08-2024,21-10-2028,49.3,0
PRJ2861,Madhya Pradesh,Gwalior,Highway,1561.4,59.2,1502.2,3.8,4,3,288,TRUE,In Progress,1095,1420,23-09-2023,13-08-2027,68.2,1
PRJ2862,Odisha,Rourkela,Railway Corridor,174.6,122.6,52,70.2,4,1,137,FALSE,Pending,481,457,29-05-2025,29-08-2026,27.3,0
PRJ2863,West Bengal,Durgapur,Urban Infrastructure,1691.8,33.8,1658,2,5,6,201,FALSE,In Progress,105,1879,09-06-2026,01-08-2031,58.4,1
PRJ2864,West Bengal,Howrah,Railway Corridor,1015,627.4,387.6,61.8,3,1,234,FALSE,Pending,1493,956,21-08-2022,03-04-2025,25.9,0
PRJ2865,Bihar,Muzaffarpur,Railway Corridor,916.1,206.1,710,22.5,3,2,247,FALSE,Completed,588,427,11-02-2025,14-04-2026,42.7,0
PRJ2866,West Bengal,Kolkata,Urban Infrastructure,807.6,134.1,673.5,16.6,4,4,255,FALSE,In Progress,710,909,12-10-2024,09-04-2027,53.4,1
PRJ2867,Uttar Pradesh,Meerut,Highway,2340.4,642.2,1698.2,27.4,3,1,204,TRUE,In Progress,903,1359,02-04-2024,22-12-2027,41.9,0
PRJ2868,Rajasthan,Udaipur,Highway,138.5,138.5,0,100,3,5,39,TRUE,Completed,1377,465,15-12-2022,24-03-2024,35.2,0
PRJ2869,Bihar,Patna,Power Transmission Line,2921.1,279.4,2641.7,9.6,3,4,60,TRUE,Pending,144,680,01-05-2026,11-03-2028,68,1
PRJ2870,Uttar Pradesh,Lucknow,Power Transmission Line,1617,463.1,1153.9,28.6,2,2,62,FALSE,Completed,541,1004,30-03-2025,29-12-2027,19.6,0
PRJ2871,West Bengal,Kolkata,Power Transmission Line,1594,523.9,1070.1,32.9,3,1,142,FALSE,Completed,842,1522,02-06-2024,02-08-2028,22.7,0
PRJ2872,West Bengal,Asansol,Power Transmission Line,217.3,185.8,31.5,85.5,2,2,2,FALSE,In Progress,1282,1132,20-03-2023,25-04-2026,11.5,0
PRJ2873,Rajasthan,Udaipur,Urban Infrastructure,898.5,36.2,862.3,4,2,2,330,TRUE,Pending,1053,923,04-11-2023,15-05-2026,67.6,1
PRJ2874,Uttar Pradesh,Varanasi,Urban Infrastructure,958.7,68.1,890.6,7.1,3,2,39,FALSE,Completed,248,1885,17-01-2026,17-03-2031,28.1,0
PRJ2875,Maharashtra,Thane,Power Transmission Line,209.9,19.2,190.7,9.1,1,3,137,TRUE,Completed,145,888,30-04-2026,04-10-2028,36.4,0
PRJ2876,Odisha,Bhubaneswar,Power Transmission Line,1478.2,66.4,1411.8,4.5,6,4,329,FALSE,Pending,737,920,15-09-2024,24-03-2027,52.6,1
PRJ2877,Maharashtra,Thane,Industrial Corridor,1578.6,460.2,1118.4,29.2,1,0,53,FALSE,In Progress,242,699,23-01-2026,23-12-2027,37.4,0
PRJ2878,Rajasthan,Jodhpur,Irrigation Canal,840.7,356.6,484.1,42.4,0,1,40,FALSE,Completed,975,1882,21-01-2024,17-03-2029,1,0
PRJ2879,Odisha,Bhubaneswar,Highway,327.7,107.5,220.2,32.8,1,3,86,FALSE,Pending,1007,1558,20-12-2023,26-03-2028,37.1,0
PRJ2880,Uttar Pradesh,Varanasi,Highway,1110.4,183.1,927.3,16.5,2,0,292,FALSE,Pending,1431,1534,22-10-2022,03-01-2027,38.5,0
PRJ2881,Madhya Pradesh,Indore,Railway Corridor,654.8,654.8,0,100,3,2,93,FALSE,Completed,1314,404,16-02-2023,26-03-2024,23.3,0
PRJ2882,Rajasthan,Udaipur,Urban Infrastructure,2775.2,99.9,2675.3,3.6,1,2,216,TRUE,In Progress,252,632,13-01-2026,07-10-2027,45.3,0
PRJ2883,Odisha,Cuttack,Industrial Corridor,1480.6,279.9,1200.7,18.9,2,2,278,TRUE,Completed,1396,1891,26-11-2022,30-01-2028,44.1,0
PRJ2884,Madhya Pradesh,Jabalpur,Power Transmission Line,1572.1,382.7,1189.4,24.3,1,1,0,FALSE,In Progress,567,1423,04-03-2025,25-01-2029,17.7,0
PRJ2885,Assam,Dibrugarh,Railway Corridor,2654.7,188.9,2465.8,7.1,6,2,365,FALSE,Completed,837,1986,07-06-2024,14-11-2029,38,0
PRJ2886,Madhya Pradesh,Bhopal,Highway,2016.7,119.5,1897.2,5.9,2,3,163,FALSE,In Progress,108,748,06-06-2026,23-06-2028,25.2,0
PRJ2887,Assam,Guwahati,Irrigation Canal,1043,229.2,813.8,22,2,1,270,FALSE,Completed,979,1575,17-01-2024,10-05-2028,38.4,0
PRJ2888,Assam,Dibrugarh,Power Transmission Line,356.1,50.7,305.4,14.2,6,0,219,FALSE,In Progress,1158,1780,22-07-2023,05-06-2028,28.4,0
PRJ2889,Rajasthan,Jaipur,Railway Corridor,2746,297,2449,10.8,2,2,253,FALSE,In Progress,1381,1319,11-12-2022,22-07-2026,38.9,0
PRJ2890,Rajasthan,Jodhpur,Power Transmission Line,2541.4,1111.4,1430,43.7,4,3,241,TRUE,In Progress,1164,912,16-07-2023,13-01-2026,46.1,0
PRJ2891,Madhya Pradesh,Indore,Irrigation Canal,50.6,25.7,24.9,50.8,0,1,116,FALSE,Completed,488,512,22-05-2025,16-10-2026,10.9,0
PRJ2892,Madhya Pradesh,Bhopal,Industrial Corridor,388.9,103.4,285.5,26.6,10,0,250,TRUE,Completed,1468,1266,15-09-2022,04-03-2026,55.1,1
PRJ2893,Uttar Pradesh,Lucknow,Power Transmission Line,2552,1095.6,1456.4,42.9,1,2,129,FALSE,Completed,432,604,17-07-2025,13-03-2027,25.4,0
PRJ2894,Uttar Pradesh,Meerut,Urban Infrastructure,62.8,2.1,60.7,3.3,3,0,108,TRUE,In Progress,79,1078,05-07-2026,17-06-2029,48.6,0
PRJ2895,Assam,Dibrugarh,Railway Corridor,2139,75.7,2063.3,3.5,0,4,299,TRUE,In Progress,66,484,18-07-2026,14-11-2027,52.3,1
PRJ2896,Madhya Pradesh,Jabalpur,Urban Infrastructure,828.8,822.4,6.4,99.2,0,1,49,FALSE,Completed,883,583,22-04-2024,26-11-2025,8.2,0
PRJ2897,Rajasthan,Jodhpur,Highway,1110.4,22.2,1088.2,2,6,1,312,FALSE,Completed,1092,1690,26-09-2023,12-05-2028,40.4,0
PRJ2898,Uttar Pradesh,Meerut,Urban Infrastructure,104.3,17.9,86.4,17.2,3,0,159,FALSE,Completed,588,1817,11-02-2025,02-02-2030,39.7,0
PRJ2899,Odisha,Rourkela,Irrigation Canal,2538.5,2160.1,378.4,85.1,1,3,244,FALSE,In Progress,1324,623,06-02-2023,21-10-2024,24.5,0
PRJ2900,Uttar Pradesh,Kanpur,Irrigation Canal,2600.6,636.7,1963.9,24.5,0,0,118,FALSE,Completed,808,1959,06-07-2024,16-11-2029,17.3,0
PRJ2901,Assam,Guwahati,Irrigation Canal,2491.4,1224.8,1266.6,49.2,1,0,173,FALSE,Completed,1051,1404,06-11-2023,10-09-2027,14.3,0
PRJ2902,West Bengal,Durgapur,Irrigation Canal,1511.9,287,1224.9,19,4,3,355,FALSE,In Progress,1352,1748,09-01-2023,23-10-2027,41.4,0
PRJ2903,Odisha,Cuttack,Urban Infrastructure,2429.3,1170,1259.3,48.2,2,2,231,TRUE,In Progress,1239,528,02-05-2023,11-10-2024,49.8,0
PRJ2904,Madhya Pradesh,Bhopal,Urban Infrastructure,1973.5,1407.4,566.1,71.3,2,0,182,TRUE,Completed,1117,858,01-09-2023,06-01-2026,27,0
PRJ2905,Maharashtra,Thane,Highway,707.8,707.8,0,100,1,1,212,TRUE,In Progress,1065,482,23-10-2023,16-02-2025,25.5,0
PRJ2906,West Bengal,Howrah,Urban Infrastructure,606,523.7,82.3,86.4,7,2,142,FALSE,Completed,1454,446,29-09-2022,19-12-2023,39,0
PRJ2907,West Bengal,Asansol,Highway,2396.7,949.7,1447,39.6,5,2,296,FALSE,Completed,1377,582,15-12-2022,19-07-2024,40.8,0
PRJ2908,Maharashtra,Nashik,Urban Infrastructure,692.8,24.7,668.1,3.6,5,2,99,FALSE,Completed,86,1176,28-06-2026,16-09-2029,33.2,0
PRJ2909,Odisha,Rourkela,Power Transmission Line,2608.1,473.3,2134.8,18.1,3,3,224,TRUE,In Progress,917,1232,19-03-2024,03-08-2027,61.8,1
PRJ2910,Maharashtra,Nashik,Industrial Corridor,2389.9,209.8,2180.1,8.8,8,2,315,FALSE,In Progress,1267,1558,04-04-2023,10-07-2027,53.2,1
PRJ2911,Maharashtra,Thane,Irrigation Canal,1331.5,974.9,356.6,73.2,1,2,145,FALSE,Completed,651,680,10-12-2024,21-10-2026,21.6,0
PRJ2912,Bihar,Bhagalpur,Industrial Corridor,422.7,49.7,373,11.8,8,0,153,FALSE,Completed,486,1161,24-05-2025,28-07-2028,33,0
PRJ2913,Rajasthan,Jaipur,Industrial Corridor,2974.2,1505,1469.2,50.6,4,1,121,FALSE,In Progress,783,668,31-07-2024,30-05-2026,39.4,0
PRJ2914,Maharashtra,Nashik,Irrigation Canal,2577,2577,0,100,3,0,93,FALSE,Completed,1396,610,26-11-2022,28-07-2024,1,0
PRJ2915,Madhya Pradesh,Indore,Urban Infrastructure,1243.7,66.4,1177.3,5.3,1,1,53,FALSE,Completed,152,1828,23-04-2026,25-04-2031,18.4,0
PRJ2916,Rajasthan,Jaipur,Urban Infrastructure,246,99.5,146.5,40.4,3,3,184,FALSE,In Progress,1151,1456,29-07-2023,24-07-2027,30.4,0
PRJ2917,Uttar Pradesh,Lucknow,Industrial Corridor,2866.1,468.9,2397.2,16.4,3,0,125,TRUE,Completed,242,998,23-01-2026,17-10-2028,40.6,0
PRJ2918,Maharashtra,Pune,Railway Corridor,1525.1,348.8,1176.3,22.9,2,2,45,FALSE,Completed,609,1889,21-01-2025,25-03-2030,28.9,0
PRJ2919,Bihar,Bhagalpur,Power Transmission Line,1266.3,1266.3,0,100,1,0,83,FALSE,In Progress,1165,752,15-07-2023,05-08-2025,2.9,0
PRJ2920,Bihar,Bhagalpur,Irrigation Canal,278.8,26.3,252.5,9.4,5,1,224,FALSE,In Progress,394,1828,24-08-2025,26-08-2030,41.6,0
PRJ2921,Maharashtra,Pune,Industrial Corridor,1699.5,240.6,1458.9,14.2,3,0,199,TRUE,Completed,353,761,04-10-2025,04-11-2027,45.4,0
PRJ2922,Maharashtra,Nashik,Irrigation Canal,442.5,121,321.5,27.3,3,2,213,FALSE,Completed,1153,1749,27-07-2023,10-05-2028,30.7,0
PRJ2923,Rajasthan,Udaipur,Industrial Corridor,1755.7,1755.7,0,100,1,2,124,FALSE,Completed,975,541,21-01-2024,15-07-2025,1.2,0
PRJ2924,Maharashtra,Nashik,Railway Corridor,610.7,301.9,308.8,49.4,2,0,0,FALSE,Completed,1102,1652,16-09-2023,25-03-2028,9.9,0
PRJ2925,Bihar,Bhagalpur,Industrial Corridor,2708.2,547.2,2161,20.2,3,2,109,FALSE,In Progress,493,1121,17-05-2025,11-06-2028,33.4,0
PRJ2926,Bihar,Patna,Power Transmission Line,878.8,878.8,0,100,2,0,197,FALSE,Pending,1378,409,14-12-2022,27-01-2024,25.9,0
PRJ2927,Uttar Pradesh,Kanpur,Irrigation Canal,1350.2,1148.2,202,85,2,1,127,TRUE,Pending,1341,882,20-01-2023,20-06-2025,36.6,0
PRJ2928,Uttar Pradesh,Varanasi,Urban Infrastructure,992.1,404.9,587.2,40.8,2,4,156,FALSE,In Progress,1448,1375,05-10-2022,11-07-2026,26.2,0
PRJ2929,Maharashtra,Aurangabad,Urban Infrastructure,331.8,9.6,322.2,2.9,4,3,245,TRUE,In Progress,88,681,26-06-2026,07-05-2028,57.6,1
PRJ2930,Maharashtra,Nagpur,Urban Infrastructure,2558.5,2558.5,0,100,1,0,6,FALSE,In Progress,1310,684,20-02-2023,04-01-2025,5.4,0
PRJ2931,West Bengal,Howrah,Urban Infrastructure,2295.7,791.9,1503.8,34.5,4,1,208,FALSE,In Progress,1226,1391,15-05-2023,06-03-2027,32.7,0
PRJ2932,Assam,Silchar,Power Transmission Line,1701.2,782.3,918.9,46,0,1,185,TRUE,In Progress,508,505,02-05-2025,19-09-2026,38.2,0
PRJ2933,Bihar,Patna,Irrigation Canal,2883.6,929.4,1954.2,32.2,3,0,41,FALSE,In Progress,1113,1371,05-09-2023,07-06-2027,19.8,0
PRJ2934,Rajasthan,Udaipur,Power Transmission Line,852.1,706.9,145.2,83,0,1,1,FALSE,In Progress,672,572,19-11-2024,14-06-2026,14.2,0
PRJ2935,Maharashtra,Nagpur,Industrial Corridor,2213.8,1980.2,233.6,89.4,1,1,44,FALSE,In Progress,1423,808,30-10-2022,15-01-2025,3.7,0
PRJ2936,Uttar Pradesh,Agra,Irrigation Canal,1342.9,1342.9,0,100,0,1,30,FALSE,In Progress,1051,891,06-11-2023,15-04-2026,6.4,0
PRJ2937,Madhya Pradesh,Jabalpur,Irrigation Canal,2849,406.9,2442.1,14.3,5,0,249,FALSE,Pending,615,1272,15-01-2025,10-07-2028,46.7,0
PRJ2938,Madhya Pradesh,Bhopal,Highway,139.7,9.1,130.6,6.5,3,5,147,TRUE,In Progress,180,1092,26-03-2026,22-03-2029,53.6,1
PRJ2939,Bihar,Bhagalpur,Power Transmission Line,2685.6,1406.6,1279,52.4,6,2,88,FALSE,Completed,1097,1056,21-09-2023,12-08-2026,21,0
PRJ2940,Assam,Guwahati,Irrigation Canal,1712.8,177.4,1535.4,10.4,1,2,26,FALSE,In Progress,229,1215,05-02-2026,04-06-2029,35.5,0
PRJ2941,Assam,Dibrugarh,Irrigation Canal,2667.3,1016.8,1650.5,38.1,4,5,120,FALSE,Completed,1080,1023,08-10-2023,27-07-2026,52.8,1
PRJ2942,Odisha,Cuttack,Irrigation Canal,145.9,142.2,3.7,97.5,1,0,66,FALSE,In Progress,1272,895,30-03-2023,10-09-2025,22.2,0
PRJ2943,Bihar,Gaya,Power Transmission Line,2840.1,635.7,2204.4,22.4,2,2,208,TRUE,Pending,1378,1546,14-12-2022,09-03-2027,67.2,1
PRJ2944,Maharashtra,Thane,Urban Infrastructure,1213.6,139.4,1074.2,11.5,2,0,186,TRUE,Pending,191,1347,15-03-2026,21-11-2029,41.5,0
PRJ2945,Uttar Pradesh,Lucknow,Industrial Corridor,2103.3,353.4,1749.9,16.8,2,5,196,TRUE,In Progress,1232,1865,09-05-2023,16-06-2028,63.5,1
PRJ2946,Odisha,Cuttack,Urban Infrastructure,1606,910,696,56.7,0,0,46,FALSE,In Progress,1112,1687,06-09-2023,19-04-2028,13.4,0
PRJ2947,West Bengal,Asansol,Irrigation Canal,1036,40.6,995.4,3.9,3,0,173,TRUE,Completed,333,1246,24-10-2025,23-03-2029,48.5,0
PRJ2948,Rajasthan,Jaipur,Railway Corridor,1765.1,226,1539.1,12.8,3,1,199,TRUE,Pending,442,1904,07-07-2025,23-09-2030,59.7,1
PRJ2949,Assam,Silchar,Highway,1357,449.6,907.4,33.1,1,0,162,FALSE,Completed,991,1917,05-01-2024,05-04-2029,30.2,0
PRJ2950,Assam,Silchar,Highway,1646.6,252.9,1393.7,15.4,3,3,338,TRUE,In Progress,863,456,12-05-2024,11-08-2025,62.7,1
PRJ2951,Assam,Guwahati,Power Transmission Line,2022.6,1961.4,61.2,97,3,1,89,TRUE,In Progress,560,416,11-03-2025,01-05-2026,24,0
PRJ2952,Bihar,Muzaffarpur,Railway Corridor,2577.2,1857.9,719.3,72.1,1,1,56,FALSE,Completed,1280,1206,22-03-2023,10-07-2026,19.3,0
PRJ2953,Odisha,Bhubaneswar,Industrial Corridor,1547.2,203.3,1343.9,13.1,5,3,231,TRUE,Completed,1119,1281,30-08-2023,03-03-2027,57.3,1
PRJ2954,Maharashtra,Thane,Highway,1257.9,60.6,1197.3,4.8,1,1,66,FALSE,Completed,88,1409,26-06-2026,05-05-2030,19.9,0
PRJ2955,Maharashtra,Thane,Industrial Corridor,847.6,123.8,723.8,14.6,5,2,277,TRUE,In Progress,412,607,06-08-2025,05-04-2027,57.9,1
PRJ2956,Madhya Pradesh,Indore,Irrigation Canal,64.3,4.7,59.6,7.3,7,0,196,TRUE,Pending,833,1312,11-06-2024,14-01-2028,54.1,1
PRJ2957,Maharashtra,Thane,Urban Infrastructure,953.9,302.9,651,31.8,4,3,91,FALSE,Pending,1417,1553,05-11-2022,05-02-2027,58.6,1
PRJ2958,Odisha,Cuttack,Highway,517.8,67,450.8,12.9,2,1,246,FALSE,Completed,746,1694,06-09-2024,27-04-2029,15.8,0
PRJ2959,Uttar Pradesh,Agra,Power Transmission Line,134,5.4,128.6,4.1,6,2,301,TRUE,Completed,783,1831,31-07-2024,05-08-2029,46.6,0
PRJ2960,Uttar Pradesh,Kanpur,Irrigation Canal,797.3,218.3,579,27.4,2,2,102,FALSE,Completed,588,1306,11-02-2025,09-09-2028,20.8,0
PRJ2961,Assam,Dibrugarh,Urban Infrastructure,1199,180.6,1018.4,15.1,1,5,164,TRUE,Completed,1066,1328,22-10-2023,11-06-2027,51.5,1
PRJ2962,Uttar Pradesh,Lucknow,Urban Infrastructure,661.5,559.9,101.6,84.6,1,1,189,TRUE,Completed,1417,1160,05-11-2022,08-01-2026,22.8,0
PRJ2963,Assam,Silchar,Railway Corridor,235.9,54,181.9,22.9,1,2,87,TRUE,Completed,377,1172,10-09-2025,25-11-2028,31.9,0
PRJ2964,Bihar,Bhagalpur,Railway Corridor,1950.2,235.2,1715,12.1,0,2,122,FALSE,Pending,481,1821,29-05-2025,24-05-2030,20.8,0
PRJ2965,Rajasthan,Udaipur,Power Transmission Line,2041.2,150.1,1891.1,7.4,2,2,70,FALSE,In Progress,100,1017,14-06-2026,27-03-2029,21.2,0
PRJ2966,Maharashtra,Aurangabad,Irrigation Canal,1921.1,1436.8,484.3,74.8,0,0,9,FALSE,Completed,1423,1170,30-10-2022,12-01-2026,4.3,0
PRJ2967,Rajasthan,Jodhpur,Industrial Corridor,2647.8,191.4,2456.4,7.2,4,0,144,FALSE,In Progress,199,866,07-03-2026,20-07-2028,21.3,0
PRJ2968,West Bengal,Kolkata,Industrial Corridor,2783.8,1192.3,1591.5,42.8,2,1,42,TRUE,In Progress,231,393,03-02-2026,03-03-2027,32.8,0
PRJ2969,Bihar,Patna,Power Transmission Line,1495.3,49.8,1445.5,3.3,4,2,233,FALSE,Pending,207,1635,27-02-2026,20-08-2030,49.3,0
PRJ2970,Rajasthan,Kota,Industrial Corridor,682.8,306.2,376.6,44.8,4,0,24,FALSE,Completed,1143,1709,06-08-2023,10-04-2028,23.7,0
PRJ2971,West Bengal,Kolkata,Highway,1790.1,510.6,1279.5,28.5,5,1,115,FALSE,Pending,1423,1726,30-10-2022,22-07-2027,44.7,0
PRJ2972,Bihar,Bhagalpur,Irrigation Canal,2753.5,119.6,2633.9,4.3,5,2,79,TRUE,Completed,213,1838,21-02-2026,05-03-2031,49,0
PRJ2973,Bihar,Muzaffarpur,Highway,1236.2,79.9,1156.3,6.5,5,0,179,FALSE,Completed,123,820,22-05-2026,19-08-2028,38.1,0
PRJ2974,Madhya Pradesh,Gwalior,Urban Infrastructure,584.6,16.9,567.7,2.9,4,3,217,FALSE,Completed,285,1657,11-12-2025,25-06-2030,34.3,0
PRJ2975,Bihar,Bhagalpur,Highway,2390.2,1847.2,543,77.3,2,0,119,TRUE,Pending,1060,1034,28-10-2023,27-08-2026,47.8,0
PRJ2976,Madhya Pradesh,Indore,Industrial Corridor,1873.4,210.6,1662.8,11.2,5,0,245,FALSE,Completed,620,1869,10-01-2025,22-02-2030,34.8,0
PRJ2977,Maharashtra,Nagpur,Urban Infrastructure,812.1,184.5,627.6,22.7,2,2,127,TRUE,Pending,1118,774,31-08-2023,13-10-2025,55.2,1
PRJ2978,Bihar,Bhagalpur,Power Transmission Line,541.4,31.7,509.7,5.9,1,0,0,FALSE,In Progress,137,1820,08-05-2026,02-05-2031,32.2,0
PRJ2979,Maharashtra,Nashik,Industrial Corridor,422.8,373.6,49.2,88.4,1,2,40,FALSE,Completed,765,598,18-08-2024,08-04-2026,12.5,0
PRJ2980,West Bengal,Asansol,Irrigation Canal,1932.6,1339,593.6,69.3,2,0,67,TRUE,In Progress,1281,1616,21-03-2023,23-08-2027,24.5,0
PRJ2981,Rajasthan,Kota,Highway,1178,375.8,802.2,31.9,3,2,287,FALSE,Completed,1416,1658,06-11-2022,22-05-2027,33.3,0
PRJ2982,Maharashtra,Nagpur,Railway Corridor,441.9,70.9,371,16,3,1,69,FALSE,Completed,101,651,13-06-2026,25-03-2028,15.7,0
PRJ2983,West Bengal,Kolkata,Railway Corridor,2912.4,684.2,2228.2,23.5,3,0,163,TRUE,In Progress,655,1966,06-12-2024,25-04-2030,53.1,1
PRJ2984,Assam,Silchar,Railway Corridor,1977.7,759.7,1218,38.4,3,1,0,TRUE,Pending,807,1852,07-07-2024,02-08-2029,38.7,0
PRJ2985,Bihar,Patna,Railway Corridor,264.8,116.6,148.2,44,0,0,106,FALSE,Completed,721,1355,01-10-2024,17-06-2028,8.8,0
PRJ2986,Assam,Guwahati,Power Transmission Line,2058.3,90.3,1968,4.4,4,2,192,TRUE,In Progress,217,1924,17-02-2026,26-05-2031,54.3,1
PRJ2987,Assam,Guwahati,Railway Corridor,2853,1228,1625,43,4,0,123,FALSE,In Progress,1470,1667,13-09-2022,07-04-2027,16.7,0
PRJ2988,Assam,Guwahati,Highway,1856.8,188.8,1668,10.2,3,1,94,TRUE,Completed,185,960,21-03-2026,05-11-2028,42,0
PRJ2989,Bihar,Gaya,Irrigation Canal,2698.4,1088.2,1610.2,40.3,2,0,141,TRUE,Completed,915,821,21-03-2024,20-06-2026,37.5,0
PRJ2990,Assam,Dibrugarh,Power Transmission Line,294.6,217.8,76.8,73.9,0,1,69,FALSE,In Progress,1003,1169,24-12-2023,07-03-2027,16.5,0
PRJ2991,Assam,Dibrugarh,Highway,2298.8,1645.7,653.1,71.6,2,4,223,FALSE,In Progress,1074,822,14-10-2023,13-01-2026,21.4,0
PRJ2992,Bihar,Gaya,Railway Corridor,2558.2,1654,904.2,64.7,2,0,0,FALSE,Completed,807,931,07-07-2024,24-01-2027,13.1,0
PRJ2993,Bihar,Patna,Power Transmission Line,1572,149.2,1422.8,9.5,5,2,159,FALSE,Completed,413,1331,05-08-2025,28-03-2029,50,0
PRJ2994,West Bengal,Durgapur,Railway Corridor,2069.2,191.3,1877.9,9.2,1,2,123,FALSE,Completed,230,1759,04-02-2026,29-11-2030,33.9,0
PRJ2995,Maharashtra,Nashik,Urban Infrastructure,930.5,341.6,588.9,36.7,6,0,130,FALSE,Completed,461,810,18-06-2025,06-09-2027,25,0
PRJ2996,Madhya Pradesh,Bhopal,Highway,795.1,130.1,665,16.4,0,1,173,FALSE,In Progress,488,1604,22-05-2025,12-10-2029,31.3,0
PRJ2997,Rajasthan,Jodhpur,Irrigation Canal,1000.4,215.4,785,21.5,3,1,217,TRUE,In Progress,1194,1760,16-06-2023,10-04-2028,55.4,1
PRJ2998,Madhya Pradesh,Jabalpur,Railway Corridor,1975.3,341.2,1634.1,17.3,4,4,125,FALSE,In Progress,1325,1911,05-02-2023,30-04-2028,53.8,1
PRJ2999,Madhya Pradesh,Bhopal,Railway Corridor,810.1,44.2,765.9,5.5,3,3,193,TRUE,In Progress,976,1802,20-01-2024,26-12-2028,59.1,1
